date,cal,regime_netliq_musd,regime_netliq_asof,regime_netliq_wk_chg_pct,regime_real10y,regime_real10y_asof,regime_real10y_wk_chg_bp,regime_dxy,regime_dxy_asof,regime_dxy_src,regime_dxy_7d_pct,regime_stables_usd,regime_stables_asof,regime_stables_7d_pct,regime_trend_btc_state,regime_trend_btc_close,regime_trend_btc_ma50,regime_trend_btc_ma200,regime_trend_btc_dist200_pct,regime_trend_btc_dist50_pct,regime_trend_eth_state,regime_trend_eth_close,regime_trend_eth_ma50,regime_trend_eth_ma200,regime_trend_eth_dist200_pct,regime_trend_eth_dist50_pct,risk_spx,risk_spx_asof,risk_spx_1d_pct,risk_ndx,risk_ndx_asof,risk_ndx_1d_pct,risk_vix,risk_vix_asof,risk_hy_oas,risk_hy_asof,risk_hy_wk_chg_bp,pos_btc_open,pos_btc_high,pos_btc_low,pos_btc_close,pos_btc_oi_usd,pos_btc_ls_ratio,pos_btc_taker_sell_usd,pos_btc_taker_buy_usd,pos_btc_funding_sum_pct,pos_btc_funding_n,pos_btc_oi_chg_pct,pos_btc_chg_pct,pos_btc_flow,pos_btc_taker_buy_share,pos_eth_open,pos_eth_high,pos_eth_low,pos_eth_close,pos_eth_oi_usd,pos_eth_ls_ratio,pos_eth_taker_sell_usd,pos_eth_taker_buy_usd,pos_eth_funding_sum_pct,pos_eth_funding_n,pos_eth_oi_chg_pct,pos_eth_chg_pct,pos_eth_flow,pos_eth_taker_buy_share,pos_cot_btc_oi,pos_cot_btc_lev_net,pos_cot_btc_am_net,pos_cot_btc_dealer_net,pos_cot_btc_asof,pos_cot_eth_oi,pos_cot_eth_lev_net,pos_cot_eth_am_net,pos_cot_eth_dealer_net,pos_cot_eth_asof,corr_btc_spx,corr_btc_spx_n,corr_btc_spx_7d,corr_btc_ndx,corr_btc_ndx_n,corr_btc_ndx_7d,corr_btc_dxy,corr_btc_dxy_n,corr_btc_dxy_7d,corr_btc_eth,corr_btc_eth_n,corr_btc_eth_7d
2026-09-08,,5768744.0,2026-09-02,-0.185657,2.43,2026-09-08,-1.0,98.839996,2026-09-08,DXY (ICE),-0.83275,308818960271.0,2026-09-08,0.496626,boga,78420.7,69965.17,69868.65,12.24,12.09,boga,2484.11,2127.13,2044.21,21.52,16.78,7673.52,2026-09-08,-0.584044,26421.41,2026-09-08,-0.322858,15.72,2026-09-08,2.67,2026-09-08,2.0,79074.4,79454.0,77574.3,78420.7,2079369627.559739,1.391101,2647539720.4103,2490123590.73861,0.016905,3,-4.219129,-0.826815,temizlik,0.48468,2489.0,2507.57,2440.43,2484.11,1471336104.249205,1.586918,3194242385.5093,3055096851.21061,0.020365,3,-2.060826,-0.196063,yatay,0.488867,21083.0,-7892.0,3743.0,2943.0,2026-09-08,26564.0,-7286.0,-1653.0,9403.0,2026-09-08,0.296919,21,0.898803,0.271911,21,0.891747,-0.583753,21,-0.776581,0.877869,31,0.956263
2026-09-09,,5856852.0,2026-09-09,1.527334,2.46,2026-09-09,1.0,98.769997,2026-09-09,DXY (ICE),-0.793492,309057822174.0,2026-09-09,0.583385,boga,78265.0,70200.08,69920.26,11.93,11.49,boga,2467.02,2137.89,2046.69,20.54,15.4,7636.36,2026-09-09,-0.484263,26253.34,2026-09-09,-0.636113,16.46,2026-09-09,2.71,2026-09-09,5.0,78420.8,79744.4,77710.0,78265.0,2232675127.993087,1.640177,3056990721.76764,3097335625.34784,0.01868,3,7.372691,-0.198545,yatay,0.503278,2484.11,2523.0,2441.98,2467.02,1443076953.459123,1.454106,3517510828.78298,3457694267.82973,0.010584,3,-1.920646,-0.687973,temizlik,0.495712,21083.0,-7892.0,3743.0,2943.0,2026-09-08,26564.0,-7286.0,-1653.0,9403.0,2026-09-08,0.306126,22,0.870588,0.281173,22,0.873897,-0.579415,22,-0.788572,0.877968,31,0.952596
2026-09-10,,5856852.0,2026-09-09,1.527334,2.55,2026-09-10,13.0,99.089996,2026-09-10,DXY (ICE),0.090905,308905223490.0,2026-09-10,0.41446,boga,76540.0,70409.26,69964.86,9.4,8.71,boga,2437.25,2147.97,2049.09,18.94,13.47,7591.7,2026-09-10,-0.584834,26081.72,2026-09-10,-0.653707,17.84,2026-09-10,2.7,2026-09-10,5.0,78265.0,78520.0,76410.1,76540.0,2093062215.278248,1.713058,2953943891.20208,2753768702.00981,0.026,3,-6.253167,-2.20405,temizlik,0.482464,2467.01,2483.67,2404.03,2437.25,1565605323.192904,1.276024,3393259325.50883,3213810642.45861,0.000568,3,8.490772,-1.206719,yeni_short,0.48642,21083.0,-7892.0,3743.0,2943.0,2026-09-08,26564.0,-7286.0,-1653.0,9403.0,2026-09-08,0.346591,22,0.959975,0.301312,22,0.927819,-0.591869,22,-0.800892,0.87291,31,0.971902
2026-09-11,CPI,5856852.0,2026-09-09,1.527334,2.6,2026-09-11,17.0,99.120003,2026-09-11,DXY (ICE),-0.04034,308547158774.0,2026-09-11,-0.041849,boga,77184.7,70651.63,70027.66,10.22,9.25,boga,2515.45,2160.73,2052.39,22.56,16.42,7656.98,2026-09-11,0.859886,26333.04,2026-09-11,0.963587,15.84,2026-09-11,2.65,2026-09-11,-3.0,76540.0,79888.0,75866.0,77184.7,2123389053.51469,1.805934,4229366470.71471,4253205453.70765,0.01327,3,1.448922,0.842305,kaldiracli_yukselis,0.501405,2437.25,2667.35,2432.25,2515.45,1614867951.950005,1.407427,6125922624.73584,6443265664.98929,0.014946,3,3.146555,3.208534,kaldiracli_yukselis,0.512624,21083.0,-7892.0,3743.0,2943.0,2026-09-08,26564.0,-7286.0,-1653.0,9403.0,2026-09-08,0.31628,22,0.796591,0.277283,22,0.720209,-0.591858,22,-0.306427,0.871038,31,0.892783
2026-09-12,,5856852.0,2026-09-09,1.527334,2.6,2026-09-11,17.0,99.120003,2026-09-11,DXY (ICE),-0.04034,308735800482.0,2026-09-12,-0.042031,boga,77247.0,70914.18,70093.76,10.21,8.93,boga,2524.86,2174.01,2055.75,22.82,16.14,7656.98,2026-09-11,0.859886,26333.04,2026-09-11,0.963587,15.84,2026-09-11,2.65,2026-09-11,-3.0,77184.7,77493.8,77032.9,77247.0,2140423099.47051,1.835063,733258932.86278,779097550.56045,0.017203,3,0.80221,0.080715,yatay,0.515155,2515.45,2546.5,2507.45,2524.86,1589893838.036264,1.611608,1446405009.64769,1475717823.31443,0.019286,3,-1.546511,0.374088,yatay,0.505016,21083.0,-7892.0,3743.0,2943.0,2026-09-08,26564.0,-7286.0,-1653.0,9403.0,2026-09-08,0.32984,21,0.825307,0.295243,21,0.757034,-0.588173,21,-0.202498,0.870714,31,0.84973
2026-09-13,,5856852.0,2026-09-09,1.527334,2.6,2026-09-11,17.0,99.120003,2026-09-11,DXY (ICE),-0.04034,308713430563.0,2026-09-13,-0.069373,boga,76793.5,71163.16,70137.89,9.49,7.91,boga,2475.66,2186.05,2057.85,20.3,13.25,7656.98,2026-09-11,0.859886,26333.04,2026-09-11,0.963587,15.84,2026-09-11,2.65,2026-09-11,-3.0,77247.0,77425.0,76434.8,76793.5,2054884094.908538,1.243177,1410156678.5025,1319917861.74175,0.018645,3,-3.99636,-0.587078,temizlik,0.483473,2524.86,2526.68,2460.01,2475.66,1498163879.046885,1.271387,2552367835.04124,2414220566.08397,0.013537,3,-5.769565,-1.948623,temizlik,0.486092,21083.0,-7892.0,3743.0,2943.0,2026-09-08,26564.0,-7286.0,-1653.0,9403.0,2026-09-08,0.366781,20,0.825307,0.324326,20,0.757034,-0.590274,20,-0.202498,0.87114,31,0.760331
2026-09-14,,5856852.0,2026-09-09,1.527334,2.6,2026-09-14,17.0,99.459999,2026-09-14,DXY (ICE),0.302537,308599085653.0,2026-09-14,-0.115276,boga,78158.4,71418.75,70191.44,11.35,9.44,boga,2514.19,2197.25,2060.29,22.03,14.42,7619.98,2026-09-14,-0.483219,26186.41,2026-09-14,-0.556829,17.1,2026-09-14,2.71,2026-09-14,3.0,76793.4,79569.0,76323.3,78158.4,2104882606.06801,1.878811,3154562382.11998,3202962393.97688,0.012963,3,2.433155,1.777364,kaldiracli_yukselis,0.503807,2475.65,2615.0,2462.42,2514.19,1479233843.715424,2.134428,4107068914.03953,4207047723.23547,0.012943,3,-1.263549,1.556353,short_squeeze,0.506013,21083.0,-7892.0,3743.0,2943.0,2026-09-08,26564.0,-7286.0,-1653.0,9403.0,2026-09-08,0.359269,20,0.51728,0.315381,20,0.423946,-0.606395,20,0.209672,0.870486,31,0.749188
2026-09-15,,5856852.0,2026-09-09,1.527334,2.62,2026-09-15,19.0,99.650002,2026-09-15,DXY (ICE),0.819512,308786489508.0,2026-09-15,-0.010514,boga,75611.2,71656.42,70240.29,7.65,5.52,boga,2397.08,2207.36,2062.63,16.21,8.59,7585.73,2026-09-15,-0.449476,25981.57,2026-09-15,-0.782238,17.2,2026-09-15,2.76,2026-09-15,9.0,78158.3,78230.7,74896.6,75611.2,2153512876.712811,1.815354,4762956260.1946,4501584263.95313,0.017378,3,2.310355,-3.259023,yeni_short,0.485894,2514.18,2518.73,2356.18,2397.08,1497347271.358295,2.090033,5363106907.314421,5085562595.897201,-0.000828,3,1.224514,-4.657961,yeni_short,0.486719,20773.0,-6354.0,2760.0,3419.0,2026-09-15,28413.0,-7722.0,-1920.0,10571.0,2026-09-15,0.37986,21,0.474238,0.353665,21,0.523579,-0.613686,21,0.013336,0.880094,31,0.866313
2026-09-16,FOMC,5864145.0,2026-09-16,0.124521,2.68,2026-09-16,22.0,100.309998,2026-09-16,DXY (ICE),1.559179,308019810194.0,2026-09-16,-0.335863,boga,76168.1,71901.78,70286.44,8.37,5.93,boga,2417.38,2217.29,2064.9,17.07,9.02,7551.81,2026-09-16,-0.447155,25978.42,2026-09-16,-0.012124,17.71,2026-09-16,2.7,2026-09-16,-1.0,75611.2,76543.7,75000.0,76168.1,2188440411.58005,1.782836,2893967243.11238,2850953971.27198,0.015033,3,1.621887,0.736531,kaldiracli_yukselis,0.496256,2397.08,2429.99,2366.01,2417.38,1498707839.788324,1.789209,3830010372.71753,3871457797.79182,0.006871,3,0.090865,0.846864,yatay,0.502691,20773.0,-6354.0,2760.0,3419.0,2026-09-15,28413.0,-7722.0,-1920.0,10571.0,2026-09-15,0.378095,22,0.36935,0.353115,22,0.559097,-0.561357,22,0.131038,0.87968,31,0.877031
2026-09-17,,5864145.0,2026-09-16,0.124521,2.61,2026-09-17,6.0,100.220001,2026-09-17,DXY (ICE),1.140382,308007819544.0,2026-09-17,-0.290511,boga,76390.1,72150.48,70339.69,8.6,5.88,boga,2446.27,2228.02,2067.44,18.32,9.8,7637.76,2026-09-17,1.138138,26418.3,2026-09-17,1.693252,15.44,2026-09-17,2.7,2026-09-17,0.0,76168.1,77137.0,75982.0,76390.1,2428389245.451699,1.002147,2215265895.63359,2232592911.15696,0.021562,3,10.964376,0.291461,yatay,0.501948,2417.38,2482.97,2412.45,2446.27,1615550754.667627,0.991858,2990837288.90957,3079750097.11496,0.013505,3,7.796244,1.195096,kaldiracli_yukselis,0.507323,20773.0,-6354.0,2760.0,3419.0,2026-09-15,28413.0,-7722.0,-1920.0,10571.0,2026-09-15,0.345742,22,0.398945,0.307586,22,0.516906,-0.556042,22,0.059546,0.881218,31,0.882932
2026-09-18,,5864145.0,2026-09-16,0.124521,2.68,2026-09-18,8.0,100.220001,2026-09-18,DXY (ICE),1.109764,308019607521.0,2026-09-18,-0.170979,boga,80876.6,72472.86,70400.07,14.88,11.6,boga,2611.05,2241.89,2070.36,26.12,16.47,7650.5,2026-09-18,0.166803,26522.55,2026-09-18,0.394613,14.81,2026-09-18,2.68,2026-09-18,3.0,76390.0,81377.3,76249.6,80876.6,2482539502.50755,1.018238,4140165741.85709,4676746711.17221,0.024942,3,2.229884,5.873143,kaldiracli_yukselis,0.530429,2446.27,2646.0,2435.55,2611.05,1623254518.134376,0.997734,4860355687.54387,5024007536.57063,0.029483,3,0.476851,6.735969,yatay,0.508278,20773.0,-6354.0,2760.0,3419.0,2026-09-15,28413.0,-7722.0,-1920.0,10571.0,2026-09-15,0.350017,22,0.178669,0.327071,22,0.290092,-0.529359,22,-0.19084,0.888402,31,0.947654
2026-09-19,,5864145.0,2026-09-16,0.124521,2.68,2026-09-18,8.0,100.220001,2026-09-18,DXY (ICE),1.109764,308517994740.0,2026-09-19,-0.070548,boga,81231.2,72840.32,70464.76,15.28,11.52,boga,2631.46,2257.29,2073.61,26.9,16.58,7650.5,2026-09-18,0.166803,26522.55,2026-09-18,0.394613,14.81,2026-09-18,2.68,2026-09-18,3.0,80876.5,81930.0,80806.3,81231.2,2454396309.967209,1.055786,1678884680.08997,1827301487.96416,0.03,3,-1.133645,0.438446,yatay,0.521165,2611.04,2672.54,2601.0,2631.46,1546488902.390895,1.055041,2179361419.63437,2257098202.06944,0.018122,3,-4.729118,0.781678,short_squeeze,0.508761,20773.0,-6354.0,2760.0,3419.0,2026-09-15,28413.0,-7722.0,-1920.0,10571.0,2026-09-15,0.34656,21,0.213563,0.346464,21,0.315742,-0.387399,21,-0.20281,0.92109,31,0.978239
2026-09-20,,5864145.0,2026-09-16,0.124521,2.68,2026-09-18,8.0,100.220001,2026-09-18,DXY (ICE),1.109764,308494066876.0,2026-09-20,-0.071057,boga,81144.3,73207.43,70507.26,15.09,10.84,boga,2643.36,2273.27,2076.19,27.32,16.28,7650.5,2026-09-18,0.166803,26522.55,2026-09-18,0.394613,14.81,2026-09-18,2.68,2026-09-18,3.0,81231.1,81485.9,80100.0,81144.3,2552294562.083769,0.928377,2181128820.72644,2137693582.55247,0.027116,3,3.98869,-0.106979,yatay,0.494971,2631.46,2649.0,2563.0,2643.36,1710475118.897765,1.061802,3077739171.90216,2973354633.21897,0.010688,3,10.603776,0.45222,yatay,0.491375,20773.0,-6354.0,2760.0,3419.0,2026-09-15,28413.0,-7722.0,-1920.0,10571.0,2026-09-15,0.517878,20,0.213563,0.500809,20,0.315742,-0.416018,20,-0.20281,0.931107,31,0.975415
2026-09-21,,5864145.0,2026-09-16,0.124521,2.62,2026-09-21,2.0,100.43,2026-09-21,DXY (ICE),0.975268,308676709792.0,2026-09-21,0.025154,boga,86589.1,73668.3,70585.94,22.67,17.54,boga,2774.62,2291.08,2079.71,33.41,21.11,7764.7,2026-09-21,1.492713,27122.09,2026-09-21,2.260492,14.87,2026-09-21,2.66,2026-09-21,-5.0,81144.3,87374.3,80822.4,86589.1,2622340078.294992,0.966596,5722967334.01694,6511973763.761681,0.022025,3,2.744413,6.710022,kaldiracli_yukselis,0.532244,2643.36,2806.96,2642.08,2774.62,1635526156.539044,1.142912,5475267876.61336,5971749028.42265,0.011111,3,-4.381763,4.96565,short_squeeze,0.521686,20773.0,-6354.0,2760.0,3419.0,2026-09-15,28413.0,-7722.0,-1920.0,10571.0,2026-09-15,0.648732,20,0.566074,0.668179,20,0.621866,-0.288724,20,-0.166809,0.904581,31,0.955692
2026-09-22,,5864145.0,2026-09-16,0.124521,2.63,2026-09-22,1.0,100.599998,2026-09-22,DXY (ICE),0.953334,310349625823.0,2026-09-22,0.506219,boga,86167.5,74121.58,70676.4,21.92,16.25,boga,2752.68,2308.94,2083.58,32.11,19.22,7764.64,2026-09-22,-0.000773,27244.28,2026-09-22,0.450518,14.21,2026-09-22,2.68,2026-09-22,-8.0,86589.1,86736.6,85070.2,86167.5,2473123252.213261,1.214105,3205088338.16058,3221618045.37978,0.017571,3,-5.690216,-0.486897,yatay,0.501286,2774.62,2776.8,2714.02,2752.68,1648306155.192544,1.379707,3674119036.15299,3548476464.53799,0.021622,3,0.7814,-0.790739,yatay,0.491302,22315.0,-7953.0,3171.0,3647.0,2026-09-22,29985.0,-10617.0,-1492.0,12372.0,2026-09-22,0.648061,21,0.601634,0.659367,21,0.64654,-0.292566,21,-0.135508,0.911238,31,0.957817
2026-09-23,,5770159.0,2026-09-23,-1.602723,2.76,2026-09-23,8.0,101.099998,2026-09-23,DXY (ICE),0.78756,307918173387.0,2026-09-23,-0.032997,boga,84366.1,74527.34,70762.09,19.22,13.2,boga,2683.52,2325.23,2087.16,28.57,15.41,7706.03,2026-09-23,-0.754832,26936.04,2026-09-23,-1.131393,15.18,2026-09-23,2.73,2026-09-23,3.0,86167.4,87245.0,83439.3,84366.1,2399144244.01957,1.317312,4139686597.04631,3934102949.37038,0.013592,3,-2.991319,-2.090579,temizlik,0.487268,2752.68,2787.83,2633.33,2683.52,1593510382.834203,1.281241,4458303321.59184,4145244941.47056,0.01275,3,-3.324369,-2.512461,temizlik,0.481806,22315.0,-7953.0,3171.0,3647.0,2026-09-22,29985.0,-10617.0,-1492.0,12372.0,2026-09-22,0.666091,22,0.620229,0.677441,22,0.626041,-0.335082,22,-0.363987,0.916091,31,0.961847
2026-09-24,,5770159.0,2026-09-23,-1.602723,2.85,2026-09-24,24.0,101.290001,2026-09-24,DXY (ICE),1.067651,307161812723.0,2026-09-24,-0.274671,boga,84369.4,74922.19,70854.22,19.07,12.61,boga,2686.69,2340.81,2090.91,28.49,14.78,7704.13,2026-09-24,-0.024656,26939.37,2026-09-24,0.012363,15.67,2026-09-24,2.8,2026-09-24,10.0,84366.0,84931.3,82812.5,84369.4,2381333632.338576,1.352943,3968819981.58587,3729568138.13715,0.002247,3,-0.742374,0.003912,yatay,0.484461,2683.52,2706.45,2626.07,2686.69,1583593344.436083,1.325959,3715469265.35875,3655413397.77595,0.002802,3,-0.622339,0.118128,yatay,0.495926,22315.0,-7953.0,3171.0,3647.0,2026-09-22,29985.0,-10617.0,-1492.0,12372.0,2026-09-22,0.674226,22,0.636459,0.702432,22,0.636093,-0.340082,22,-0.375703,0.918191,31,0.962657
2026-09-25,,5770159.0,2026-09-23,-1.602723,2.83,2026-09-25,15.0,100.970001,2026-09-25,DXY (ICE),0.748354,308512905448.0,2026-09-25,0.160151,boga,84059.9,75317.44,70932.59,18.51,11.61,boga,2690.29,2356.55,2094.4,28.45,14.16,7743.41,2026-09-25,0.509856,27068.72,2026-09-25,0.480152,14.87,2026-09-25,2.93,2026-09-25,25.0,84369.4,85242.2,83118.0,84059.9,2379715563.926125,1.338197,3286915206.71819,3252449441.5269,0.012303,3,-0.067948,-0.366839,yatay,0.497365,2686.68,2742.95,2665.51,2690.29,1588736949.380602,1.327414,3332314808.18975,3369788461.56695,0.009013,3,0.324806,0.133994,yatay,0.502796,22315.0,-7953.0,3171.0,3647.0,2026-09-22,29985.0,-10617.0,-1492.0,12372.0,2026-09-22,0.667752,22,0.74935,0.710276,22,0.77687,-0.320503,22,-0.155253,0.919658,31,0.967731
2026-09-26,,5770159.0,2026-09-23,-1.602723,2.83,2026-09-25,15.0,100.970001,2026-09-25,DXY (ICE),0.748354,307796037980.0,2026-09-26,-0.234008,boga,84394.1,75707.6,71004.99,18.86,11.47,boga,2694.85,2372.18,2097.7,28.47,13.6,7743.41,2026-09-25,0.509856,27068.72,2026-09-25,0.480152,14.87,2026-09-25,2.93,2026-09-25,25.0,84059.9,84440.1,83748.8,84394.1,2367678461.975886,1.299649,931035286.50137,973406572.00979,0.000639,3,-0.505821,0.397574,yatay,0.511124,2690.29,2696.87,2662.22,2694.85,1613348061.595593,1.410689,1075198311.65671,1087798947.61189,0.007266,3,1.549099,0.169498,yatay,0.502913,22315.0,-7953.0,3171.0,3647.0,2026-09-22,29985.0,-10617.0,-1492.0,12372.0,2026-09-22,0.668634,21,0.920105,0.713183,21,0.928807,-0.32593,21,-0.039302,0.928584,31,0.971526
2026-09-27,,5770159.0,2026-09-23,-1.602723,2.83,2026-09-25,15.0,100.970001,2026-09-25,DXY (ICE),0.748354,310086306934.0,2026-09-27,0.516133,boga,84440.9,76097.85,71076.44,18.8,10.96,boga,2687.29,2387.6,2100.88,27.91,12.55,7743.41,2026-09-25,0.509856,27068.72,2026-09-25,0.480152,14.87,2026-09-25,2.93,2026-09-25,25.0,84394.1,85137.5,84088.3,84440.9,2352156626.360828,1.389905,1719507936.05529,1680748776.80743,0.001704,3,-0.655572,0.055454,yatay,0.494301,2694.86,2724.2,2668.0,2687.29,1521333941.565961,1.281501,1779495889.94307,1783327938.38499,0.013798,3,-5.703302,-0.280535,yatay,0.500538,22315.0,-7953.0,3171.0,3647.0,2026-09-22,29985.0,-10617.0,-1492.0,12372.0,2026-09-22,0.665873,20,0.920105,0.724105,20,0.928807,-0.321051,20,-0.039302,0.934521,31,0.974976
2026-09-28,,5770159.0,2026-09-23,-1.602723,2.9,2026-09-28,28.0,101.199997,2026-09-28,DXY (ICE),0.7667,311470047825.0,2026-09-28,0.90494,boga,83461.0,76469.67,71141.35,17.32,9.14,boga,2687.78,2403.16,2103.95,27.75,11.84,7683.69,2026-09-28,-0.771236,26820.38,2026-09-28,-0.917443,16.07,2026-09-28,3.02,2026-09-28,36.0,84440.8,84973.6,82501.0,83461.0,2327494353.703487,1.444895,3429347972.80449,3287839094.98968,0.011772,3,-1.048496,-1.160457,temizlik,0.489467,2687.28,2720.0,2633.8,2687.78,1474989459.540484,1.408646,3514221638.675,3424820223.117,0.008507,3,-3.046306,0.018234,yatay,0.493558,22315.0,-7953.0,3171.0,3647.0,2026-09-22,29985.0,-10617.0,-1492.0,12372.0,2026-09-22,0.669201,20,0.88141,0.71415,20,0.901015,-0.259328,20,-0.061536,0.926567,31,0.963788
2026-09-29,,5770159.0,2026-09-23,-1.602723,2.91,2026-09-29,28.0,101.370003,2026-09-29,DXY (ICE),0.765412,311261810601.0,2026-09-29,0.293922,boga,83627.0,76863.26,71205.0,17.45,8.8,boga,2676.8,2419.25,2106.88,27.05,10.65,7670.84,2026-09-29,-0.167237,26797.54,2026-09-29,-0.085159,16.04,2026-09-29,3.08,2026-09-29,40.0,83461.0,84544.9,82726.0,83627.0,2295477862.659505,1.432573,2751800760.07889,2762857805.90985,0.015843,3,-1.375578,0.198895,yatay,0.501003,2687.78,2748.53,2650.69,2676.8,1521877082.213224,1.496632,3654732032.71992,3790328816.27224,0.017471,3,3.178845,-0.408516,yatay,0.509106,19596.0,-6856.0,3586.0,2680.0,2026-09-29,27392.0,-8083.0,-1197.0,9885.0,2026-09-29,0.668994,21,0.60768,0.714041,21,0.695148,-0.259565,21,-0.558253,0.925182,31,0.770516
2026-09-30,,5782818.0,2026-09-30,0.219387,2.93,2026-09-30,17.0,101.449997,2026-09-30,DXY (ICE),0.34619,311200297805.0,2026-09-30,1.065908,boga,83579.9,77263.53,71267.03,17.28,8.18,boga,2684.73,2435.31,2109.83,27.25,10.24,7651.54,2026-09-30,-0.251602,26861.06,2026-09-30,0.237037,16.34,2026-09-30,3.12,2026-09-30,39.0,83627.1,85639.0,82918.9,83579.9,2429855674.71105,1.201733,3564879753.35933,3548799323.18588,0.012349,3,5.854023,-0.056322,yatay,0.49887,2676.8,2737.9,2656.57,2684.73,1535703415.057005,1.274089,3218831497.13957,3281025982.59706,0.011509,3,0.908505,0.296249,yatay,0.504784,19596.0,-6856.0,3586.0,2680.0,2026-09-29,27392.0,-8083.0,-1197.0,9885.0,2026-09-29,0.669295,22,0.586904,0.711732,22,0.776331,-0.259413,22,-0.567446,0.926826,31,0.780409
2026-10-01,,5782818.0,2026-09-30,0.219387,2.88,2026-10-01,3.0,102.099998,2026-10-01,DXY (ICE),0.799682,310711423887.0,2026-10-01,1.155616,boga,84837.7,77691.06,71327.35,18.94,9.2,boga,2705.0,2451.83,2112.47,28.05,10.33,7666.45,2026-10-01,0.194863,26871.6,2026-10-01,0.039239,16.39,2026-10-01,3.24,2026-10-01,44.0,83579.8,85236.2,83123.1,84837.7,2414540547.46154,1.348618,3447456219.92312,3443469195.42416,0.00868,3,-0.63029,1.504907,yatay,0.499711,2684.73,2720.99,2672.0,2705.0,1589368721.547883,1.804213,3125151539.25195,3101323490.09674,0.013564,3,3.49451,0.755011,kaldiracli_yukselis,0.498087,19596.0,-6856.0,3586.0,2680.0,2026-09-29,27392.0,-8083.0,-1197.0,9885.0,2026-09-29,0.680952,22,0.417014,0.711549,22,0.295823,-0.194261,22,0.730011,0.925765,31,0.513758
2026-10-02,NFP,5782818.0,2026-09-30,0.219387,2.92,2026-10-02,9.0,101.93,2026-10-02,DXY (ICE),0.950777,311516937639.0,2026-10-02,0.973714,boga,84480.0,78111.52,71375.54,18.36,8.15,boga,2667.55,2467.47,2114.05,26.18,8.11,7722.72,2026-10-02,0.733977,27190.86,2026-10-02,1.188094,15.31,2026-10-02,3.1,2026-10-02,17.0,84837.7,87239.0,83826.4,84480.0,2404015686.323516,1.285779,4159607275.40312,4242688152.01191,0.01163,3,-0.435895,-0.421629,yatay,0.504944,2705.0,2777.7,2646.9,2667.55,1600681734.414543,1.658241,3759416253.92249,3964974158.43499,0.010385,3,0.711793,-1.384473,yatay,0.513306,19596.0,-6856.0,3586.0,2680.0,2026-09-29,27392.0,-8083.0,-1197.0,9885.0,2026-09-29,0.634647,22,0.149799,0.660618,22,-0.002943,-0.164276,22,0.757104,0.922005,31,0.471716
2026-10-03,,5782818.0,2026-09-30,0.219387,2.92,2026-10-02,9.0,101.93,2026-10-02,DXY (ICE),0.950777,311894350575.0,2026-10-03,1.331503,boga,84719.9,78545.53,71429.78,18.61,7.86,boga,2686.14,2483.57,2115.9,26.95,8.16,7722.72,2026-10-02,0.733977,27190.86,2026-10-02,1.188094,15.31,2026-10-02,3.1,2026-10-02,17.0,84480.1,84998.0,84411.6,84719.9,2491379450.714009,1.134342,801182626.8758,830780529.87061,0.009253,3,3.634076,0.283973,yatay,0.509068,2667.56,2689.02,2664.47,2686.14,1659838135.052794,1.336394,852084443.93079,897773047.24396,0.009273,3,3.6957,0.696894,kaldiracli_yukselis,0.513055,19596.0,-6856.0,3586.0,2680.0,2026-09-29,27392.0,-8083.0,-1197.0,9885.0,2026-09-29,0.647649,21,0.284596,0.665953,21,0.055783,-0.173877,21,0.796779,0.924533,31,0.508468
2026-10-04,,5782818.0,2026-09-30,0.219387,2.92,2026-10-02,9.0,101.93,2026-10-02,DXY (ICE),0.950777,311974411500.0,2026-10-04,0.608896,boga,86484.8,79014.07,71506.15,20.95,9.45,boga,2725.97,2500.45,2118.52,28.67,9.02,7722.72,2026-10-02,0.733977,27190.86,2026-10-02,1.188094,15.31,2026-10-02,3.1,2026-10-02,17.0,84719.9,86777.0,84675.9,86484.8,2447684384.085729,1.211194,1366889151.85919,1549525498.36778,0.013239,3,-1.75385,2.083218,short_squeeze,0.531312,2686.15,2739.43,2685.47,2725.97,1605426536.399043,1.37145,1297223936.7425,1417756733.275,0.01604,3,-3.278127,1.482797,short_squeeze,0.522198,19596.0,-6856.0,3586.0,2680.0,2026-09-29,27392.0,-8083.0,-1197.0,9885.0,2026-09-29,0.592062,20,0.284596,0.621995,20,0.055783,0.038228,20,0.796779,0.912075,31,0.70999
2026-10-05,,5782818.0,2026-09-30,0.219387,2.95,2026-10-05,5.0,102.169998,2026-10-05,DXY (ICE),0.958499,312216069375.0,2026-10-05,0.239516,boga,85715.0,79470.8,71585.3,19.74,7.86,boga,2708.96,2517.12,2121.38,27.7,7.62,7773.95,2026-10-05,0.663367,27477.31,2026-10-05,1.053479,15.52,2026-10-05,3.12,2026-10-05,10.0,86484.8,86963.7,84937.5,85715.0,2596237206.333071,1.244989,3155954748.11823,3169438125.17447,0.006887,3,6.069117,-0.890099,yeni_short,0.501066,2725.97,2736.84,2678.12,2708.96,1645654509.022804,1.581886,2742689612.32503,2655871045.58968,0.014065,3,2.50575,-0.623998,yeni_short,0.491959,19596.0,-6856.0,3586.0,2680.0,2026-09-29,27392.0,-8083.0,-1197.0,9885.0,2026-09-29,0.588466,20,0.49451,0.621376,20,0.333217,0.049722,20,0.685942,0.908679,31,0.743172
2026-10-06,,5782818.0,2026-09-30,0.219387,2.91,2026-10-06,0.0,101.830002,2026-10-06,DXY (ICE),0.453782,312670377396.0,2026-10-06,0.452534,boga,85512.1,79891.04,71660.48,19.33,7.04,boga,2696.67,2532.8,2124.14,26.95,6.47,7818.93,2026-10-06,0.578599,27599.89,2026-10-06,0.446114,15.01,2026-10-06,3.03,2026-10-06,-5.0,85715.1,86656.0,85090.0,85512.1,2554285799.98033,1.775204,2634417205.96335,2475948250.26881,0.013707,3,-1.615854,-0.236715,yatay,0.484495,2708.97,2724.41,2682.56,2696.67,1720259908.751005,2.296315,2097903776.45024,2053207168.01587,0.015192,3,4.533479,-0.45368,yatay,0.494616,19596.0,-6856.0,3586.0,2680.0,2026-09-29,27392.0,-8083.0,-1197.0,9885.0,2026-09-29,0.567629,21,0.043361,0.615242,21,-0.09555,0.067194,21,0.847894,0.910503,31,0.841323
2026-10-07,,5782818.0,2026-09-30,0.219387,2.91,2026-10-06,0.0,102.239998,2026-10-07,DXY (ICE),0.77871,312806553537.0,2026-10-07,0.516149,boga,83283.9,80262.71,71732.45,16.1,3.76,boga,2572.82,2545.92,2126.58,20.98,1.06,7801.77,2026-10-07,-0.219467,27538.69,2026-10-07,-0.22174,15.08,2026-10-07,3.09,2026-10-07,-3.0,85512.0,85564.5,82700.0,83283.9,2472043039.554011,1.739842,3685675370.28748,3244614944.18,0.010599,3,-3.219795,-2.605713,temizlik,0.468179,2696.66,2699.0,2532.55,2572.82,1614868532.499205,2.432686,4108584295.67561,3602742221.92062,0.004415,3,-6.12648,-4.592701,temizlik,0.467201,19596.0,-6856.0,3586.0,2680.0,2026-09-29,27392.0,-8083.0,-1197.0,9885.0,2026-09-29,0.569371,22,0.451578,0.617035,22,0.409531,0.007461,22,0.160279,0.910165,31,0.915659
