date,btc_open,btc_high,btc_low,btc_close,btc_oi_usd,btc_oi_chg_pct,btc_oi_coin,btc_oi_coin_chg_pct,btc_ls_ratio,btc_taker_buy_usd,btc_taker_sell_usd,btc_taker_buy_share,btc_funding_sum_pct,btc_funding_n,eth_open,eth_high,eth_low,eth_close,eth_oi_usd,eth_oi_chg_pct,eth_oi_coin,eth_oi_coin_chg_pct,eth_ls_ratio,eth_taker_buy_usd,eth_taker_sell_usd,eth_taker_buy_share,eth_funding_sum_pct,eth_funding_n,sol_open,sol_high,sol_low,sol_close,sol_oi_usd,sol_oi_chg_pct,sol_oi_coin,sol_oi_coin_chg_pct,sol_ls_ratio,sol_taker_buy_usd,sol_taker_sell_usd,sol_taker_buy_share,sol_funding_sum_pct,sol_funding_n,xrp_open,xrp_high,xrp_low,xrp_close,xrp_oi_usd,xrp_oi_chg_pct,xrp_oi_coin,xrp_oi_coin_chg_pct,xrp_ls_ratio,xrp_taker_buy_usd,xrp_taker_sell_usd,xrp_taker_buy_share,xrp_funding_sum_pct,xrp_funding_n,doge_open,doge_high,doge_low,doge_close,doge_oi_usd,doge_oi_chg_pct,doge_oi_coin,doge_oi_coin_chg_pct,doge_ls_ratio,doge_taker_buy_usd,doge_taker_sell_usd,doge_taker_buy_share,doge_funding_sum_pct,doge_funding_n,pump_open,pump_high,pump_low,pump_close,pump_oi_usd,pump_oi_chg_pct,pump_oi_coin,pump_oi_coin_chg_pct,pump_ls_ratio,pump_taker_buy_usd,pump_taker_sell_usd,pump_taker_buy_share,pump_funding_sum_pct,pump_funding_n
2026-09-10,78265.0,78520.0,76410.1,76540.0,2232675127.99,7.37,29173.55,9.8,1.640177,2753768702.01,2953943891.2,0.482464,0.026,3,2467.01,2483.67,2404.03,2437.25,1443076953.46,-1.92,592191.92,-0.71,1.454106,3213810642.46,3393259325.51,0.48642,0.000568,3,101.51,102.24,98.3,98.61,266804462.08,-3.48,2706202.07,-0.6,2.095171,453890655.9,504628860.87,0.473533,-0.007127,3,1.39,1.4,1.33,1.33,102338406.81,-0.75,76755724.0,3.75,2.568302,184469301.73,211053255.41,0.466394,0.003744,3,0.09,0.09,0.08,0.08,84535895.51,-1.97,1020471940.0,1.92,4.07867,159262320.77,178142997.86,0.472021,0.004671,3,0.0,0.0,0.0,0.0,23675937.91,-15.02,6483006000.0,-4.87,1.504464,68266452.91,80220625.08,0.459747,-0.004931,6
2026-09-11,76540.0,79888.0,75866.0,77184.7,2093062215.28,-6.25,27117.58,-7.05,1.713058,4253205453.71,4229366470.71,0.501405,0.01327,3,2437.25,2667.35,2432.25,2515.45,1565605323.19,8.49,622375.93,5.1,1.276024,6443265664.99,6125922624.74,0.512624,0.014946,3,98.61,105.77,97.77,102.42,278300261.57,4.31,2717510.61,0.42,2.070276,698860197.32,733283607.14,0.487982,0.013837,3,1.33,1.43,1.32,1.36,94943098.21,-7.23,70032528.0,-8.76,2.769888,247055491.11,255454958.8,0.491642,0.006693,3,0.08,0.09,0.08,0.08,85706893.67,1.39,1017051070.0,-0.34,4.234535,173013841.98,174323814.95,0.498114,0.017905,3,0.0,0.0,0.0,0.0,20944307.75,-11.54,5837321000.0,-9.96,1.547689,72632401.65,74900114.48,0.492315,0.012424,6
2026-09-12,77184.7,77493.8,77032.9,77247.0,2123389053.51,1.45,27485.53,1.36,1.805934,779097550.56,733258932.86,0.515155,0.017203,3,2515.45,2546.5,2507.45,2524.86,1614867951.95,3.15,639539.0,2.76,1.407427,1475717823.31,1446405009.65,0.505016,0.019286,3,102.42,102.53,101.18,101.71,278977964.75,0.24,2742876.46,0.93,2.136691,220461698.33,219377652.11,0.501232,0.015204,3,1.36,1.37,1.35,1.37,94177829.36,-0.81,68959383.0,-1.53,2.640619,71374194.02,67960168.61,0.512251,0.008477,3,0.08,0.09,0.08,0.08,86628825.93,1.08,1021445890.0,0.43,4.16862,54771406.95,49489377.26,0.525331,0.021505,3,0.0,0.0,0.0,0.0,22541646.18,7.63,5971297000.0,2.3,1.5,52415185.27,52622519.01,0.499013,0.022986,6
2026-09-13,77247.0,77425.0,76434.8,76793.5,2140423099.47,0.8,27868.28,1.39,1.835063,1319917861.74,1410156678.5,0.483473,0.018645,3,2524.86,2526.68,2460.01,2475.66,1589893838.04,-1.55,642150.43,0.41,1.611608,2414220566.08,2552367835.04,0.486092,0.013537,3,101.71,102.29,99.12,99.21,273169165.25,-2.08,2753166.35,0.38,2.214664,293153647.64,336110441.63,0.465867,0.005816,3,1.37,1.37,1.33,1.34,96037242.66,1.97,71664236.0,3.92,2.888433,88942501.28,96749367.4,0.478979,0.006424,3,0.08,0.09,0.08,0.08,88745323.03,2.44,1077529420.0,5.49,4.56335,71424724.37,78940470.43,0.475008,0.024012,3,0.0,0.0,0.0,0.0,20255319.96,-10.14,5837268000.0,-2.24,1.596886,49475097.83,53556509.99,0.480193,0.005297,6
2026-09-14,76793.4,79569.0,76323.3,78158.4,2054884094.91,-4.0,26293.19,-5.65,1.243177,3202962393.98,3154562382.12,0.503807,0.012963,3,2475.65,2615.0,2462.42,2514.19,1498163879.05,-5.77,596061.13,-7.18,1.271387,4207047723.24,4107068914.04,0.506013,0.012943,3,99.22,104.78,98.92,102.5,277234800.4,1.49,2705521.62,-1.73,1.852737,467899255.44,474246972.64,0.496631,0.024909,3,1.34,1.49,1.33,1.42,106978589.02,11.39,75204632.0,4.94,2.036008,328615472.64,320481723.9,0.506265,0.026357,3,0.08,0.09,0.08,0.08,84676342.48,-4.59,1012874910.0,-6.0,4.216026,128068530.69,125483643.2,0.505097,0.018702,3,0.0,0.0,0.0,0.0,20648562.85,1.94,5601889000.0,-4.03,1.478083,39605822.42,40239254.6,0.496033,0.027126,6
2026-09-15,78158.3,78230.7,74896.6,75611.2,2104882606.07,2.43,27846.93,5.91,1.878811,4501584263.95,4762956260.19,0.485894,0.017378,3,2514.18,2518.73,2356.18,2397.08,1479233843.72,-1.26,617000.43,3.51,2.134428,5085562595.9,5363106907.31,0.486719,-0.000828,3,102.49,102.81,95.66,96.81,248964105.84,-10.2,2570350.05,-5.0,2.403549,523272556.24,578692548.14,0.474854,-0.010565,3,1.42,1.46,1.26,1.28,102635020.67,-4.06,80033547.0,6.42,2.930499,435874058.46,478740291.65,0.476566,0.018851,3,0.08,0.08,0.08,0.08,79465783.7,-6.15,992949940.0,-1.97,4.601957,149970960.61,164862890.03,0.47635,0.010727,3,0.0,0.0,0.0,0.0,20169704.9,-2.32,5744718000.0,2.55,1.579863,40458655.89,42503388.93,0.487677,0.028997,6
2026-09-16,75611.2,76543.7,75000.0,76168.1,2153512876.71,2.31,28273.2,1.53,1.815354,2850953971.27,2893967243.11,0.496256,0.015033,3,2397.08,2429.99,2366.01,2417.38,1497347271.36,1.22,619611.63,0.42,2.090033,3871457797.79,3830010372.72,0.502691,0.006871,3,96.82,98.88,96.05,98.6,255571403.23,2.65,2593054.01,0.88,2.220936,436746337.06,459192340.59,0.487473,0.001824,3,1.28,1.32,1.25,1.3,98276590.64,-4.25,75690535.0,-5.43,2.989959,278548554.58,298459939.17,0.482746,0.001368,3,0.08,0.08,0.08,0.08,79436977.94,-0.04,982279930.0,-1.07,4.719052,126148861.64,126450166.14,0.499404,0.009974,3,0.0,0.0,0.0,0.0,19934985.07,-1.16,5502342000.0,-4.22,1.523925,49102496.33,50002004.41,0.495462,0.011995,6
2026-09-17,76168.1,77137.0,75982.0,76390.1,2188440411.58,1.62,28635.1,1.28,1.782836,2232592911.16,2215265895.63,0.501948,0.021562,3,2417.38,2482.97,2412.45,2446.27,1498707839.79,0.09,612277.28,-1.18,1.789209,3079750097.11,2990837288.91,0.507323,0.013505,3,98.6,102.03,98.4,101.58,270603757.66,5.88,2662636.6,2.68,2.029792,427792426.62,420137908.65,0.504514,0.015059,3,1.3,1.32,1.29,1.3,103824909.96,5.65,80087095.0,5.81,3.015141,161714187.66,169384881.02,0.488416,0.007956,3,0.08,0.08,0.08,0.08,82946634.39,4.42,1014513630.0,3.28,4.599401,92228282.06,91085190.32,0.503118,0.018428,3,0.0,0.0,0.0,0.0,23300140.58,16.88,5699643000.0,3.59,1.182724,47358015.94,47039027.57,0.50169,0.01187,6
2026-09-18,76390.0,81377.3,76249.6,80876.6,2428389245.45,10.96,30022.7,4.85,1.002147,4676746711.17,4140165741.86,0.530429,0.024942,3,2446.27,2646.0,2435.55,2611.05,1615550754.67,7.8,618733.68,1.05,0.991858,5024007536.57,4860355687.54,0.508278,0.029483,3,101.57,114.29,100.83,112.69,341222750.11,26.1,3029321.29,13.77,1.360593,997732916.58,944075948.63,0.513816,0.03,3,1.3,1.41,1.29,1.4,113283630.2,9.11,81108062.0,1.27,1.878145,304382722.18,295893410.99,0.507071,0.028468,3,0.08,0.09,0.08,0.09,87815478.91,5.87,1004179290.0,-1.02,3.2283,168937003.96,162703087.92,0.509399,0.03,3,0.0,0.0,0.0,0.0,22950915.4,-1.5,5407850000.0,-5.12,1.240264,52762184.46,51403713.65,0.506521,0.026163,6
2026-09-19,80876.5,81930.0,80806.3,81231.2,2482539502.51,2.23,30561.44,1.79,1.018238,1827301487.96,1678884680.09,0.521165,0.03,3,2611.04,2672.54,2601.0,2631.46,1623254518.13,0.48,616904.45,-0.3,0.997734,2257098202.07,2179361419.63,0.508761,0.018122,3,112.7,114.13,109.97,111.01,341788208.55,0.17,3079173.05,1.65,1.482611,473696498.98,496897654.74,0.488048,0.03,3,1.4,1.45,1.39,1.41,118948338.26,5.0,84354541.0,4.0,1.782377,276614980.41,280491204.74,0.496521,0.03,3,0.09,0.09,0.09,0.09,88929722.64,1.27,1014137560.0,0.99,3.130944,186322538.83,189468955.87,0.495814,0.03,3,0.0,0.0,0.0,0.0,23899333.72,4.13,5619406000.0,3.91,1.3487,32472476.45,34626550.8,0.483949,0.03,6
2026-09-20,81231.1,81485.9,80100.0,81144.3,2454396309.97,-1.13,30247.3,-1.03,1.055786,2137693582.55,2181128820.73,0.494971,0.027116,3,2631.46,2649.0,2563.0,2643.36,1546488902.39,-4.73,584951.49,-5.18,1.055041,2973354633.22,3077739171.9,0.491375,0.010688,3,111.01,111.42,107.35,111.12,332880877.47,-2.61,2996227.52,-2.69,1.823779,523349412.97,513920790.94,0.504545,0.03,3,1.41,1.42,1.37,1.41,112905185.66,-5.08,80051890.0,-5.1,1.870189,218209165.03,234437355.91,0.482074,0.021764,3,0.09,0.09,0.08,0.09,89464748.87,0.6,1025148950.0,1.09,3.474072,141047606.17,161049422.93,0.466895,0.021773,3,0.0,0.0,0.0,0.0,23545337.73,-1.48,5572861000.0,-0.83,1.365823,38481831.48,42647861.37,0.474325,0.029341,6
2026-09-21,81144.3,87374.3,80822.4,86589.1,2552294562.08,3.99,29475.93,-2.55,0.928377,6511973763.76,5722967334.02,0.532244,0.022025,3,2643.36,2806.96,2642.08,2774.62,1710475118.9,10.6,616471.85,5.39,1.061802,5971749028.42,5475267876.61,0.521686,0.011111,3,111.12,119.96,110.65,118.87,371276357.93,11.53,3123644.27,4.25,1.530782,839241555.7,809959548.23,0.508878,0.022238,3,1.41,1.57,1.4,1.54,125682694.32,11.32,81819344.0,2.21,2.291541,431991734.36,412504329.48,0.511538,0.03,3,0.09,0.1,0.09,0.1,109849353.44,22.79,1100143750.0,7.32,2.404386,463313704.62,438147585.46,0.513959,0.03,3,0.0,0.0,0.0,0.0,22942453.42,-2.56,5242791000.0,-5.92,1.301498,45908593.55,49809238.17,0.479624,0.013855,6
2026-09-22,86589.1,86736.6,85070.2,86167.5,2622340078.29,2.74,30435.07,3.25,0.966596,3221618045.38,3205088338.16,0.501286,0.017571,3,2774.62,2776.8,2714.02,2752.68,1635526156.54,-4.38,594200.92,-3.61,1.142912,3548476464.54,3674119036.15,0.491302,0.021622,3,118.88,119.44,115.52,118.49,359651594.02,-3.13,3034266.38,-2.86,1.637805,658757480.44,690762283.14,0.488142,0.0141,3,1.54,1.61,1.49,1.57,130780124.85,4.06,83225229.0,1.72,2.457176,458169291.45,482378768.2,0.48713,0.03,3,0.1,0.11,0.1,0.1,115029268.94,4.72,1146166490.0,4.18,2.587528,392278684.32,413732377.01,0.486691,0.03,3,0.0,0.0,0.0,0.0,24988440.1,8.92,5580268000.0,6.44,1.510801,56906837.95,57848859.03,0.495896,0.03,6
2026-09-23,86167.4,87245.0,83439.3,84366.1,2473123252.21,-5.69,29314.18,-3.68,1.214105,3934102949.37,4139686597.05,0.487268,0.013592,3,2752.68,2787.83,2633.33,2683.52,1648306155.19,0.78,614164.2,3.36,1.379707,4145244941.47,4458303321.59,0.481806,0.01275,3,118.5,119.69,112.78,114.95,347171088.25,-3.47,3020980.58,-0.44,1.653396,665671175.97,734181861.81,0.475529,-0.000897,3,1.57,1.66,1.48,1.5,116416614.22,-10.98,77642133.0,-6.71,2.398445,444963512.11,491488202.4,0.475159,0.015766,3,0.1,0.1,0.09,0.09,98729119.74,-14.17,1065728840.0,-7.02,3.539262,334399009.85,374507500.88,0.471711,0.020727,3,0.0,0.0,0.0,0.0,21277400.0,-14.85,5319350000.0,-4.68,1.423995,51885349.48,60415368.79,0.462022,0.027424,6
2026-09-24,84366.0,84931.3,82812.5,84369.4,2399144244.02,-2.99,28435.52,-3.0,1.317312,3729568138.14,3968819981.59,0.484461,0.002247,3,2683.52,2706.45,2626.07,2686.69,1593510382.83,-3.32,593115.07,-3.43,1.281241,3655413397.78,3715469265.36,0.495926,0.002802,3,114.95,117.72,112.4,116.98,336438060.24,-3.09,2875784.77,-4.81,1.59473,568137987.04,593534992.81,0.489069,0.001116,3,1.5,1.55,1.45,1.53,111152818.17,-4.52,72454741.0,-6.68,2.476487,340068199.44,359352488.27,0.486214,0.0057,3,0.09,0.1,0.09,0.1,95219378.3,-3.55,994354410.0,-6.7,3.22717,242730234.04,256135761.78,0.486564,0.017443,3,0.0,0.0,0.0,0.0,20569047.27,-3.33,5346776000.0,0.52,1.496188,44488766.2,48890878.18,0.476429,0.019959,6
2026-09-25,84369.4,85242.2,83118.0,84059.9,2381333632.34,-0.74,28330.09,-0.37,1.352943,3252449441.53,3286915206.72,0.497365,0.012303,3,2686.68,2742.95,2665.51,2690.29,1583593344.44,-0.62,588632.95,-0.76,1.325959,3369788461.57,3332314808.19,0.502796,0.009013,3,116.97,122.91,115.75,122.08,379728544.6,12.87,3111253.95,8.19,1.363223,897008088.59,871551038.19,0.507197,0.023848,3,1.53,1.63,1.52,1.57,108262354.59,-2.6,69044869.0,-4.71,2.061522,441486304.82,437657728.59,0.502177,0.02626,3,0.1,0.1,0.09,0.1,98859763.54,3.82,999088060.0,0.48,2.739474,220080783.81,222096338.97,0.497721,0.03,3,0.0,0.0,0.0,0.0,20946513.06,1.84,4995591000.0,-6.57,0.798398,50429190.87,53036900.31,0.487398,0.03,6
2026-09-26,84059.9,84440.1,83748.8,84394.1,2379715563.93,-0.07,28197.65,-0.47,1.338197,973406572.01,931035286.5,0.511124,0.000639,3,2690.29,2696.87,2662.22,2694.85,1588736949.38,0.32,589545.6,0.16,1.327414,1087798947.61,1075198311.66,0.502913,0.007266,3,122.07,122.37,119.76,121.33,382524869.63,0.74,3151205.78,1.28,1.411881,363402152.65,362949666.53,0.500311,0.010997,3,1.57,1.58,1.5,1.53,107818373.02,-0.41,70617221.0,2.28,2.435484,163675962.15,182354853.17,0.47301,0.024968,3,0.1,0.1,0.1,0.1,96798350.39,-2.09,1000913560.0,0.18,2.917519,129430817.0,134833922.22,0.489777,0.03,3,0.0,0.0,0.0,0.0,24327799.5,16.14,5521516000.0,10.53,0.730114,68359842.12,68703168.99,0.498748,0.03,6
2026-09-27,84394.1,85137.5,84088.3,84440.9,2367678461.98,-0.51,28045.69,-0.54,1.299649,1680748776.81,1719507936.06,0.494301,0.001704,3,2694.86,2724.2,2668.0,2687.29,1613348061.6,1.55,600653.04,1.88,1.410689,1783327938.38,1779495889.94,0.500538,0.013798,3,121.33,124.95,120.04,121.92,384723030.53,0.57,3156831.3,0.18,1.523109,537964778.23,503652521.92,0.516471,0.004484,3,1.53,1.55,1.5,1.52,118004834.47,9.45,77870420.0,10.27,2.660447,215581904.3,221058857.45,0.493728,0.019983,3,0.1,0.1,0.1,0.1,104916989.44,8.39,1083741240.0,8.28,3.108719,154610914.03,159108677.98,0.492832,0.03,3,0.0,0.01,0.0,0.01,28683292.04,17.9,5563090000.0,0.75,0.632704,97043452.55,92156030.97,0.512916,0.03,6
2026-09-28,84440.8,84973.6,82501.0,83461.0,2352156626.36,-0.66,28170.86,0.45,1.389905,3287839094.99,3429347972.8,0.489467,0.011772,3,2687.28,2720.0,2633.8,2687.78,1521333941.57,-5.7,565947.18,-5.78,1.281501,3424820223.12,3514221638.68,0.493558,0.008507,3,121.92,122.87,117.11,118.83,351494131.7,-8.64,2957460.09,-6.32,1.639364,661246819.68,718860166.15,0.479127,0.000715,3,1.52,1.53,1.47,1.5,105787041.87,-10.35,70680191.0,-9.23,2.601327,283644546.41,303998560.41,0.482682,0.009767,3,0.1,0.1,0.09,0.09,95017674.97,-9.44,1011687340.0,-6.65,3.43394,239135981.6,254096735.41,0.484834,0.0242,3,0.01,0.01,0.0,0.0,29731198.21,3.65,6039244000.0,8.56,0.623722,195731387.66,195103354.06,0.500803,0.03,6
2026-09-29,83461.0,84544.9,82726.0,83627.0,2327494353.7,-1.05,27834.58,-1.19,1.444895,2762857805.91,2751800760.08,0.501003,0.015843,3,2687.78,2748.53,2650.69,2676.8,1474989459.54,-3.05,551086.85,-2.63,1.408646,3790328816.27,3654732032.72,0.509106,0.017471,3,118.84,121.59,116.27,119.08,348364642.15,-0.89,2926204.47,-1.06,1.598407,585165453.66,588466052.88,0.498594,-0.001931,3,1.5,1.56,1.46,1.49,110225830.05,4.2,74001900.0,4.7,2.612218,297650659.52,304147838.19,0.494602,0.021236,3,0.09,0.1,0.09,0.09,92475051.22,-2.68,985454510.0,-2.59,3.22619,159445633.21,163051304.63,0.49441,0.03,3,0.0,0.01,0.0,0.01,39423225.65,32.6,6696658000.0,10.89,0.465039,175947208.1,176980847.06,0.498536,0.03,6
2026-09-30,83627.1,85639.0,82918.9,83579.9,2295477862.66,-1.38,27467.23,-1.32,1.432573,3548799323.19,3564879753.36,0.49887,0.012349,3,2676.8,2737.9,2656.57,2684.73,1521877082.21,3.18,566800.77,2.85,1.496632,3281025982.6,3218831497.14,0.504784,0.011509,3,119.07,122.77,116.93,118.06,339059509.84,-2.67,2873142.19,-1.81,1.762473,639046327.26,660926069.76,0.491585,-0.002218,3,1.49,1.54,1.48,1.49,112732742.93,2.27,75720542.0,2.32,2.669205,222047778.26,230989532.81,0.490131,0.008733,3,0.09,0.1,0.09,0.09,94394980.38,2.08,998782990.0,1.35,3.409627,141431344.53,144115032.86,0.495301,0.025597,3,0.01,0.01,0.01,0.01,43210608.43,9.61,7302790000.0,9.05,0.509867,140179540.1,141764657.23,0.497189,0.02706,6
2026-10-01,83579.8,85236.2,83123.1,84837.7,2429855674.71,5.85,28633.43,4.25,1.201733,3443469195.42,3447456219.92,0.499711,0.00868,3,2684.73,2720.99,2672.0,2705.0,1535703415.06,0.91,567622.77,0.15,1.274089,3101323490.1,3125151539.25,0.498087,0.013564,3,118.06,119.57,116.62,118.33,334328532.06,-1.4,2823959.22,-1.71,1.826865,422613379.8,458436895.68,0.47967,-0.003061,3,1.49,1.51,1.47,1.49,109673381.92,-2.71,73394487.0,-3.07,2.623465,187729287.24,204775603.1,0.478285,0.013554,3,0.09,0.1,0.09,0.09,94692405.75,0.32,1003522740.0,0.47,3.581864,117216467.41,120411354.1,0.493278,0.024897,3,0.01,0.01,0.01,0.01,41960953.0,-2.89,7207309000.0,-1.31,0.620541,115442342.97,111960064.52,0.507657,0.020626,6
2026-10-02,84837.7,87239.0,83826.4,84480.0,2414540547.46,-0.63,28581.18,-0.18,1.348618,4242688152.01,4159607275.4,0.504944,0.01163,3,2705.0,2777.7,2646.9,2667.55,1589368721.55,3.49,595813.67,4.97,1.804213,3964974158.43,3759416253.92,0.513306,0.010385,3,118.33,123.76,117.03,118.56,352888955.06,5.55,2977463.34,5.44,1.808045,689701710.57,663442687.22,0.509703,0.01726,3,1.49,1.56,1.44,1.48,111839750.2,1.98,75358635.0,2.68,2.819379,254842133.5,273210753.61,0.482607,0.010894,3,0.09,0.1,0.09,0.09,98968627.78,4.52,1065438990.0,6.17,3.950919,175805432.36,175224774.31,0.500827,0.020572,3,0.01,0.01,0.01,0.01,34925508.12,-16.77,6492937000.0,-9.91,1.175861,142957811.12,138815056.15,0.507351,0.009056,6
2026-10-03,84480.1,84998.0,84411.6,84719.9,2404015686.32,-0.44,28376.04,-0.72,1.285779,830780529.87,801182626.88,0.509068,0.009253,3,2667.56,2689.02,2664.47,2686.14,1600681734.41,0.71,595904.06,0.02,1.658241,897773047.24,852084443.93,0.513055,0.009273,3,118.57,120.04,118.46,119.54,354158290.11,0.36,2962428.19,-0.5,1.738472,161856076.38,157005002.96,0.507607,0.014169,3,1.48,1.5,1.48,1.49,113199387.15,1.22,76202886.0,1.12,2.767389,67305566.77,69906981.66,0.49052,0.002519,3,0.09,0.09,0.09,0.09,101065718.29,2.12,1089657340.0,2.27,3.817838,50750660.54,54756788.87,0.481015,0.024547,3,0.01,0.01,0.01,0.01,42671802.46,22.18,6808968000.0,4.87,0.616548,129672388.81,124708334.44,0.509757,0.016176,6
2026-10-04,84719.9,86777.0,84675.9,86484.8,2491379450.71,3.63,28811.73,1.54,1.134342,1549525498.37,1366889151.86,0.531312,0.013239,3,2686.15,2739.43,2685.47,2725.97,1659838135.05,3.7,608911.57,2.18,1.336394,1417756733.28,1297223936.74,0.522198,0.01604,3,119.54,122.25,119.53,121.52,384139796.91,8.47,3162164.94,6.74,1.522994,289251585.44,295765164.27,0.494433,0.03,3,1.49,1.53,1.48,1.52,115422744.06,1.96,75961003.0,-0.32,2.636562,83258661.85,78000024.12,0.516305,0.027604,3,0.09,0.1,0.09,0.1,102610432.75,1.53,1070196420.0,-1.79,3.174928,112388638.31,110574732.49,0.504068,0.01385,3,0.01,0.01,0.01,0.01,49749216.91,16.59,7634932000.0,12.13,0.674145,169869368.85,159047516.21,0.516451,-0.011431,6
2026-10-05,86484.8,86963.7,84937.5,85715.0,2447684384.09,-1.75,28542.36,-0.93,1.211194,3169438125.17,3155954748.12,0.501066,0.006887,3,2725.97,2736.84,2678.12,2708.96,1605426536.4,-3.28,592338.37,-2.72,1.37145,2655871045.59,2742689612.33,0.491959,0.014065,3,121.52,122.02,118.82,120.72,350482935.48,-8.76,2903271.5,-8.19,1.676907,419056821.32,447631127.35,0.483515,0.007602,3,1.52,1.53,1.48,1.51,110203285.98,-4.52,73122743.0,-3.74,2.642065,161183126.64,173143428.31,0.482113,0.029469,3,0.1,0.1,0.09,0.1,98938235.59,-3.58,1036871050.0,-3.11,3.086879,130881882.06,136861498.07,0.488833,0.03,3,0.01,0.01,0.01,0.01,46214182.45,-7.11,7157222000.0,-6.26,0.805467,113200429.27,116202620.11,0.493457,0.002917,6
2026-10-06,85715.1,86656.0,85090.0,85512.1,2596237206.33,6.07,30358.21,6.36,1.244989,2475948250.27,2634417205.96,0.484495,0.013707,3,2708.97,2724.41,2682.56,2696.67,1645654509.02,2.51,610256.58,3.02,1.581886,2053207168.02,2097903776.45,0.494616,0.015192,3,120.72,121.95,118.73,120.66,357928163.28,2.12,2965927.77,2.16,1.5994,392652451.04,395026289.74,0.498493,0.012003,3,1.51,1.52,1.49,1.5,112266211.93,1.87,75034228.0,2.61,2.725069,118218228.27,127823455.74,0.48048,0.018162,3,0.1,0.1,0.09,0.09,100627277.12,1.71,1074503760.0,3.63,3.601511,101924046.96,105905877.11,0.49042,0.03,3,0.01,0.01,0.01,0.01,40826849.82,-11.66,6603081000.0,-7.74,0.831759,82452969.2,89710811.25,0.478922,0.018732,6
2026-10-07,85512.0,85564.5,82700.0,83283.9,2554285799.98,-1.62,30662.66,1.0,1.775204,3244614944.18,3685675370.29,0.468179,0.010599,3,2696.66,2699.0,2532.55,2572.82,1720259908.75,4.53,668581.39,9.56,2.296315,3602742221.92,4108584295.68,0.467201,0.004415,3,120.65,120.65,115.14,116.23,364517656.48,1.84,3135905.51,5.73,2.062983,494937337.16,564586949.86,0.467132,-0.001183,3,1.5,1.5,1.41,1.42,104759776.9,-6.69,73701827.0,-1.78,3.078893,185422213.27,224080375.14,0.452799,-0.00591,3,0.09,0.09,0.09,0.09,103251201.91,2.61,1160256230.0,7.98,4.484759,181640836.56,199524187.85,0.476541,0.010695,3,0.01,0.01,0.01,0.01,41535115.95,1.73,6662675000.0,0.9,0.776914,188656977.13,187741105.53,0.501217,0.003121,6
2026-10-08,83283.8,83488.0,80351.0,81714.9,2436149725.97,-4.63,29818.23,-2.75,1.699541,4371615214.33,4798470732.71,0.476726,0.008807,3,2572.82,2586.0,2405.03,2473.68,1554806463.92,-9.62,628806.76,-5.95,2.277186,5165869168.95,5548133208.05,0.482161,-0.00127,3,116.22,116.76,105.61,109.55,337030705.02,-7.54,3077343.91,-1.87,2.289179,740843924.72,865046252.33,0.461329,-0.012012,3,1.42,1.43,1.32,1.38,92590156.47,-11.62,67138102.0,-8.91,2.790405,246071802.61,281649172.47,0.466291,-0.008074,3,0.09,0.09,0.08,0.08,88173885.62,-14.6,1049939100.0,-9.51,4.349363,223703835.79,241847291.76,0.480514,0.00142,3,0.01,0.01,0.01,0.01,34626754.01,-16.63,6245807000.0,-6.26,1.263485,165980278.43,177987253.73,0.482546,0.019707,6
2026-10-09,81714.9,83499.0,81569.2,82586.8,2464539346.74,1.17,29843.79,0.09,1.457512,2542144858.44,2414647100.0,0.512861,0.005174,3,2473.68,2520.77,2468.55,2486.36,1487987663.82,-4.3,598426.57,-4.83,1.881715,2141024170.16,2115899489.84,0.502951,-0.007291,3,109.54,112.04,108.37,109.09,334565797.53,-0.73,3067159.86,-0.33,2.313032,425499131.22,407411459.12,0.510858,0.003694,3,1.38,1.41,1.37,1.39,91075488.58,-1.64,65291769.0,-2.75,2.795407,130274950.0,128580566.34,0.503273,-0.005417,3,0.08,0.09,0.08,0.09,92071584.44,4.42,1079258990.0,2.79,3.989769,89705145.97,85682544.78,0.511468,-0.01146,3,0.01,0.01,0.01,0.01,34709209.08,0.24,6356998000.0,1.78,1.066696,91367406.7,96146289.77,0.487257,0.018656,6
