date,oi_coin,oi_usd
2021-12-01,60657.802,3466983413.97
2021-12-02,59814.536,3375013062.42
2021-12-03,61187.38,3281183017.54
2021-12-04,40077.068,1963644746.16
2021-12-05,39936.595,1964745082.48
2021-12-06,37758.112,1905486154.53
2021-12-07,39323.8,1988592109.77
2021-12-08,39179.106,1975104337.05
2021-12-09,42193.28,2016314996.05
2021-12-10,39528.569,1855714628.81
2021-12-11,40490.102,1996473397.48
2021-12-12,43495.828,2179277858.23
2021-12-13,42853.206,2004870529.96
2021-12-14,42935.948,2076740910.49
2021-12-15,43904.973,2145026373.15
2021-12-16,47555.594,2266699819.09
2021-12-17,50625.051,2340235626.32
2021-12-18,53277.651,2497987665.87
2021-12-19,56060.437,2618115563.1
2021-12-20,61755.798,2895180359.18
2021-12-21,70256.067,3436436975.67
2021-12-22,73236.059,3560633330.46
2021-12-23,73620.161,3735990085.22
2021-12-24,72615.24,3685562528.78
2021-12-25,73481.035,3719962729.88
2021-12-26,72273.072,3669304350.29
2021-12-27,73626.066,3729048838.84
2021-12-28,74159.626,3531826973.98
2021-12-29,72932.636,3377948743.55
2021-12-30,71840.302,3385668312.7
2021-12-31,74920.526,3467604160.82
2022-01-01,72913.725,3477211304.36
2022-01-02,73310.482,3467514031.7
2022-01-03,79515.424,3692270883.04
2022-01-04,81107.217,3722558472.92
2022-01-05,77699.867,3378778716.49
2022-01-06,79277.665,3417553906.08
2022-01-07,76575.716,3177062390.29
2022-01-08,76418.58,3190970796.92
2022-01-09,76137.758,3185806321.16
2022-01-10,76522.224,3196306916.34
2022-01-11,77430.991,3302054143.29
2022-01-12,77453.466,3398646470.06
2022-01-13,76811.192,3265812908.79
2022-01-14,74462.503,3206448778.8
2022-01-15,75368.625,3251341433.91
2022-01-16,73751.021,3176247140.46
2022-01-17,75697.266,3191775220.89
2022-01-18,74768.666,3167195457.95
2022-01-19,75352.829,3141669903.26
2022-01-20,76573.868,3112558240.14
2022-01-21,71680.05,2611075562.14
2022-01-22,73031.414,2555970954.71
2022-01-23,74053.996,2685711829.69
2022-01-24,73092.802,2681340003.21
2022-01-25,76064.175,2808104716.08
2022-01-26,73878.462,2715300918.53
2022-01-27,72218.034,2681760362.52
2022-01-28,74300.295,2808432270.53
2022-01-29,76366.56,2910765619.99
2022-01-30,77188.563,2926467298.35
2022-01-31,82940.059,3189054228.95
2022-02-01,78646.497,3045738769.95
2022-02-02,77987.839,2871809559.61
2022-02-03,78540.317,2908599849.17
2022-02-04,81589.691,3398957991.72
2022-02-05,81276.708,3364852460.13
2022-02-06,80481.849,3412456151.79
2022-02-07,78171.041,3430111383.57
2022-02-08,72889.416,3211996520.52
2022-02-09,74638.832,3305193331.65
2022-02-10,71861.474,3122053356.98
2022-02-11,72511.644,3073252313.84
2022-02-12,72665.077,3061536347.13
2022-02-13,71764.955,3029082653.3
2022-02-14,74355.603,3165859693.64
2022-02-15,76263.866,3396814589.8
2022-02-16,76654.903,3366920969.96
2022-02-17,75522.763,3058107470.92
2022-02-18,74126.464,2964465548.29
2022-02-19,76887.558,3083778299.46
2022-02-20,74504.387,2859072655.04
2022-02-21,73760.127,2723204899.86
2022-02-22,75723.232,2896812253.08
2022-02-23,73734.292,2747263598.04
2022-02-24,66890.136,2559243473.13
2022-02-25,68299.2,2678375433.97
2022-02-26,68158.685,2659391914.72
2022-02-27,66541.921,2506439847.8
2022-02-28,69676.159,3009166987.28
2022-03-01,71410.252,3166937560.82
2022-03-02,73699.696,3236477930.02
2022-03-03,75507.831,3205760472.94
2022-03-04,75974.537,2970452447.63
2022-03-05,76847.478,3027448356.25
2022-03-06,73240.33,2808326298.56
2022-03-07,0.0,0.0
2022-03-08,70037.413,2711003702.5
2022-03-09,73034.234,3065387989.6
2022-03-10,70955.624,2798693507.26
2022-03-11,71083.776,2753910382.36
2022-03-12,72653.059,2822823789.46
2022-03-13,76429.886,2889049690.8
2022-03-14,74839.792,2962869945.38
2022-03-15,76195.344,2991512844.61
2022-03-16,74818.738,3075576545.68
2022-03-17,75348.247,3083675681.74
2022-03-18,77123.401,3222285104.84
2022-03-19,78156.351,3294563741.88
2022-03-20,76100.105,3136436630.52
2022-03-21,73762.683,3027393533.57
2022-03-22,75363.683,3190251252.52
2022-03-23,73545.869,3156004200.07
2022-03-24,81198.42,3568305166.11
2022-03-25,80609.443,3573973323.05
2022-03-26,80417.044,3576033362.82
2022-03-27,80643.599,3778338093.43
2022-03-28,77354.761,3636164340.87
2022-03-29,77389.656,3674323947.14
2022-03-30,77359.872,3642389005.29
2022-03-31,75206.3,3422992182.61
2022-04-01,74114.411,3424307811.13
2022-04-02,72658.429,3329448989.6
2022-04-03,72533.531,3367038543.18
2022-04-04,74220.635,3459028806.21
2022-04-05,77614.591,3532814384.38
2022-04-06,82297.396,3550071000.99
2022-04-07,81695.992,3548873892.48
2022-04-08,83370.118,3524410379.6
2022-04-09,84030.839,3593130930.38
2022-04-10,85169.287,3599441441.05
2022-04-11,85088.233,3355752277.17
2022-04-12,84213.749,3380262026.02
2022-04-13,80680.8,3319224768.91
2022-04-14,83536.399,3331924456.87
2022-04-15,82239.482,3333092189.93
2022-04-16,82208.454,3319421176.46
2022-04-17,84289.666,3342088049.82
2022-04-18,80157.177,3269335102.63
2022-04-19,80494.61,3340711452.6
2022-04-20,80849.347,3340847604.03
2022-04-21,81246.47,3290326702.2
2022-04-22,85781.307,3407971233.28
2022-04-23,86843.042,3421655716.68
2022-04-24,86588.642,3414675050.46
2022-04-25,82931.395,3353061811.0
2022-04-26,87586.222,3329414436.8
2022-04-27,83184.062,3262046413.29
2022-04-28,79894.07,3175781293.09
2022-04-29,83960.704,3238125193.59
2022-04-30,85769.286,3228256284.64
2022-05-01,83347.748,3204070279.73
2022-05-02,81539.905,3141130721.01
2022-05-03,91896.702,3466582530.87
2022-05-04,83576.137,3316563828.02
2022-05-05,90644.179,3313466342.47
2022-05-06,90216.893,3250325199.31
2022-05-07,92013.275,3268893107.27
2022-05-08,90295.322,3067169556.76
2022-05-09,86475.792,2622222735.97
2022-05-10,81811.337,2537909020.08
2022-05-11,78607.551,2275523525.59
2022-05-12,72310.825,2106139551.12
2022-05-13,76925.408,2250630843.49
2022-05-14,70918.318,2134728332.17
2022-05-15,73378.012,2298006494.64
2022-05-16,75055.355,2241440649.88
2022-05-17,73670.084,2242269974.02
2022-05-18,78781.961,2264234120.47
2022-05-19,86695.769,2632908150.91
2022-05-20,82164.805,2401083628.78
2022-05-21,79899.838,2351875701.48
2022-05-22,84271.003,2557628474.76
2022-05-23,82899.812,2412434269.09
2022-05-24,83553.351,2478518869.65
2022-05-25,80322.919,2374353517.93
2022-05-26,82923.948,2433353499.69
2022-05-27,82589.717,2361824531.29
2022-05-28,81618.489,2370021359.88
2022-05-29,86199.011,2537021796.97
2022-05-30,87386.171,2771461151.88
2022-05-31,88121.126,2803564811.58
2022-06-01,83562.177,2488732317.59
2022-06-02,84359.267,2566976571.47
2022-06-03,83735.067,2487361524.49
2022-06-04,82523.602,2461604776.42
2022-06-05,82922.821,2479815254.29
2022-06-06,95837.051,3004222551.69
2022-06-07,86542.187,2696654546.92
2022-06-08,79797.529,2409685881.98
2022-06-09,84586.174,2545197975.66
2022-06-10,87927.5,2557213068.0
2022-06-11,89723.58,2545780969.49
2022-06-12,85937.084,2292155703.58
2022-06-13,82775.36,1862930174.71
2022-06-14,83892.747,1865774693.28
2022-06-15,84098.014,1890528016.03
2022-06-16,90093.072,1836331049.35
2022-06-17,94126.859,1925157821.76
2022-06-18,90368.825,1715932285.98
2022-06-19,91317.649,1876294602.24
2022-06-20,92087.031,1901618323.82
2022-06-21,93565.563,1939426989.86
2022-06-22,94115.025,1878333548.26
2022-06-23,95785.509,2019884446.31
2022-06-24,95360.48,2022843718.05
2022-06-25,100438.535,2158473691.41
2022-06-26,96730.673,2032210631.02
2022-06-27,96005.808,1989384350.47
2022-06-28,99057.951,2009261178.61
2022-06-29,98202.593,1973125779.59
2022-06-30,93882.799,1862692707.39
2022-07-01,90878.775,1750045521.01
2022-07-02,94011.399,1809531407.95
2022-07-03,94535.468,1825372953.16
2022-07-04,102321.293,2071620662.74
2022-07-05,100119.744,2020796888.95
2022-07-06,102772.127,2112624951.46
2022-07-07,116343.632,2518060130.47
2022-07-08,110334.103,2404047703.45
2022-07-09,109420.555,2362714687.36
2022-07-10,104402.068,2176877079.66
2022-07-11,104919.56,2097027245.72
2022-07-12,106356.092,2055342113.51
2022-07-13,104589.137,2110150095.07
2022-07-14,109430.93,2249887792.66
2022-07-15,112298.432,2339468314.48
2022-07-16,111509.349,2362849652.51
2022-07-17,112471.003,2335190446.89
2022-07-18,109209.391,2447883637.18
2022-07-19,119158.413,2784365505.29
2022-07-20,112301.836,2611388283.06
2022-07-21,112667.983,2607579791.1
2022-07-22,117030.352,2655406983.84
2022-07-23,118158.118,2653866777.72
2022-07-24,115560.834,2610715693.48
2022-07-25,109558.406,2338140721.65
2022-07-26,112286.191,2381163423.58
2022-07-27,113774.323,2609451011.33
2022-07-28,113390.098,2702295663.4
2022-07-29,113204.836,2683730432.09
2022-07-30,116926.335,2764524416.31
2022-07-31,113428.436,2643105315.1
2022-08-01,112122.797,2613618012.35
2022-08-02,112035.577,2571037462.13
2022-08-03,114786.495,2618157805.04
2022-08-04,111964.521,2531839437.7
2022-08-05,106714.533,2483874349.29
2022-08-06,110147.132,2524968795.12
2022-08-07,109866.264,2545326671.22
2022-08-08,117781.141,2801542219.83
2022-08-09,115750.998,2678330833.29
2022-08-10,111929.419,2678101809.21
2022-08-11,117013.302,2799116505.55
2022-08-12,116195.204,2833443288.58
2022-08-13,119960.374,2927135809.87
2022-08-14,114192.982,2776750808.21
2022-08-15,108658.358,2623174591.72
2022-08-16,109291.031,2609586097.94
2022-08-17,117228.356,2731549645.99
2022-08-18,116292.87,2697552671.09
2022-08-19,109578.615,2281712801.07
2022-08-20,108386.177,2292598737.02
2022-08-21,109778.887,2360602858.36
2022-08-22,108579.289,2323531637.03
2022-08-23,110074.069,2367337790.11
2022-08-24,111367.962,2378469467.67
2022-08-25,111806.497,2412761843.96
2022-08-26,117350.404,2370319769.87
2022-08-27,119311.364,2391236303.44
2022-08-28,118443.73,2317173308.91
2022-08-29,120069.565,2433006114.2
2022-08-30,121308.742,2397145658.04
2022-08-31,112523.639,2254422359.73
2022-09-01,117821.092,2372622240.15
2022-09-02,114910.561,2288903464.56
2022-09-03,126444.807,2506528053.64
2022-09-04,122470.697,2445556113.04
2022-09-05,128469.309,2543204134.83
2022-09-06,131502.926,2473188679.57
2022-09-07,122175.512,2351858845.03
2022-09-08,119467.476,2307597926.17
2022-09-09,136092.143,2906819464.47
2022-09-10,137972.402,2988965130.73
2022-09-11,142062.227,3094394008.02
2022-09-12,145331.648,3253248940.48
2022-09-13,122094.341,2462005902.37
2022-09-14,117173.78,2371765915.72
2022-09-15,118489.343,2328860640.93
2022-09-16,122442.939,2419472474.64
2022-09-17,124969.334,2513395742.34
2022-09-18,124965.475,2422159864.33
2022-09-19,115820.098,2265380868.09
2022-09-20,115847.902,2189143049.72
2022-09-21,114681.862,2122875947.48
2022-09-22,121992.686,2369720124.82
2022-09-23,117078.191,2251944903.87
2022-09-24,120239.024,2275114716.52
2022-09-25,121813.291,2289775461.69
2022-09-26,128371.536,2468392079.98
2022-09-27,128833.582,2458894003.6
2022-09-28,130738.48,2534938230.83
2022-09-29,132114.301,2588810615.88
2022-09-30,125840.167,2446207603.14
2022-10-01,126193.489,2435140966.09
2022-10-02,126468.024,2407569019.76
2022-10-03,135677.663,2660352469.22
2022-10-04,166232.613,3380672650.58
2022-10-05,159149.55,3208454928.0
2022-10-06,156704.096,3125306490.62
2022-10-07,146492.495,2860954479.6
2022-10-08,144435.439,2800646492.84
2022-10-09,145436.513,2825336963.45
2022-10-10,151770.259,2903744480.32
2022-10-11,156111.773,2972324221.68
2022-10-12,151044.157,2892205602.18
2022-10-13,153055.125,2965027650.26
2022-10-14,146401.685,2808408883.19
2022-10-15,148437.273,2826817488.31
2022-10-16,142882.014,2751621825.61
2022-10-17,156395.604,3056824090.81
2022-10-18,152739.275,2954053948.14
2022-10-19,154035.249,2945508241.95
2022-10-20,156808.722,2984775618.91
2022-10-21,150181.451,2877389959.35
2022-10-22,150605.637,2890921706.55
2022-10-23,161076.993,3150923706.27
2022-10-24,146312.526,2827522641.28
2022-10-25,164683.762,3307671192.24
2022-10-26,166784.974,3458509640.39
2022-10-27,152080.111,3083146045.88
2022-10-28,147061.911,3028729637.88
2022-10-29,152912.485,3180686726.74
2022-10-30,144123.561,2971639367.94
2022-10-31,134602.551,2758313293.52
2022-11-01,135190.59,2767525161.0
2022-11-02,129801.824,2614143834.45
2022-11-03,129484.747,2615643683.3
2022-11-04,142035.844,3003231053.84
2022-11-05,147787.66,3143515397.75
2022-11-06,139302.229,2911106832.77
2022-11-07,130159.46,2679272191.71
2022-11-08,120155.19,2221464597.6
2022-11-09,131804.473,2077737801.6
2022-11-10,122379.322,2151416242.83
2022-11-11,118016.723,2016558787.86
2022-11-12,117549.634,1974493683.62
2022-11-13,119146.924,1946051335.31
2022-11-14,115351.266,1916653565.6
2022-11-15,117673.988,1986442824.03
2022-11-16,123170.206,2052645694.7
2022-11-17,124462.057,2075728401.82
2022-11-18,120831.87,2017439589.29
2022-11-19,119595.294,1997775487.97
2022-11-20,121181.49,1974167653.59
2022-11-21,129048.928,2034585398.85
2022-11-22,127786.25,2065925437.91
2022-11-23,123272.142,2047218611.21
2022-11-24,123839.461,2054420124.91
2022-11-25,125454.555,2070464339.35
2022-11-26,126134.715,2075357533.25
2022-11-27,126736.741,2081131350.29
2022-11-28,124990.417,2025616952.6
2022-11-29,127468.0,2094437789.67
2022-11-30,127273.826,2184489094.39
2022-12-01,129813.403,2200276795.0
2022-12-02,128832.846,2200864391.5
2022-12-03,129553.271,2189333681.96
2022-12-04,135952.819,2328041922.98
2022-12-05,122881.805,2082858882.93
2022-12-06,110662.01,1889940576.3
2022-12-07,107645.23,1811809159.7
2022-12-08,110601.589,1907655807.04
2022-12-09,109062.688,1866291836.99
2022-12-10,109835.049,1879102662.18
2022-12-11,109245.279,1867307704.89
2022-12-12,104562.264,1798893277.9
2022-12-13,107237.251,1905370028.32
2022-12-14,111778.6,1989871459.34
2022-12-15,108139.216,1875458423.09
2022-12-16,98060.693,1627905564.49
2022-12-17,99261.806,1665712579.85
2022-12-18,98498.729,1649022704.09
2022-12-19,97349.599,1598397642.06
2022-12-20,95130.638,1607584112.37
2022-12-21,95925.89,1611267174.33
2022-12-22,99404.104,1671579684.09
2022-12-23,98243.949,1648445044.67
2022-12-24,98031.805,1649600789.1
2022-12-25,97407.092,1638877756.45
2022-12-26,96468.902,1632676448.46
2022-12-27,103196.978,1723399852.3
2022-12-28,106370.761,1759457483.55
2022-12-29,106933.181,1779047332.3
2022-12-30,107626.702,1786324179.72
2022-12-31,105675.267,1747351107.37
2023-01-01,108830.564,1806837672.7
2023-01-02,105352.219,1756474336.06
2023-01-03,105110.378,1751940974.16
2023-01-04,101498.198,1710214186.84
2023-01-05,103949.238,1748563015.83
2023-01-06,103539.278,1754461652.47
2023-01-07,105497.848,1786911999.64
2023-01-08,104119.714,1776823743.35
2023-01-09,103332.126,1776000249.2
2023-01-10,113065.419,1970285525.42
2023-01-11,106693.896,1913475060.92
2023-01-12,108983.083,2055159385.98
2023-01-13,111241.425,2215139371.88
2023-01-14,93764.75,1967315725.65
2023-01-15,94253.916,1966673935.08
2023-01-16,98021.068,2074635508.43
2023-01-17,102083.561,2158999462.38
2023-01-18,101584.811,2101657679.34
2023-01-19,105152.057,2216559169.86
2023-01-20,98555.885,2234577291.78
2023-01-21,95413.05,2171792314.29
2023-01-22,94239.026,2141327420.48
2023-01-23,92177.102,2114736291.79
2023-01-24,92350.985,2088517525.78
2023-01-25,86128.971,1992324061.16
2023-01-26,88628.396,2039286214.92
2023-01-27,90122.664,2076669509.75
2023-01-28,90390.182,2078910912.87
2023-01-29,103234.124,2454701000.47
2023-01-30,93355.541,2130960386.28
2023-01-31,97545.19,2257588964.98
2023-02-01,100348.975,2379173848.28
2023-02-02,97496.256,2289650824.03
2023-02-03,96766.313,2266485859.1
2023-02-04,98563.961,2297575212.89
2023-02-05,102564.024,2353023838.61
2023-02-06,103008.605,2342870437.86
2023-02-07,101350.574,2357183228.16
2023-02-08,104989.943,2408721268.28
2023-02-09,99725.63,2172482959.3
2023-02-10,101847.78,2202952291.5
2023-02-11,101930.565,2228406012.03
2023-02-12,99006.882,2152726436.7
2023-02-13,100248.144,2186412020.64
2023-02-14,103443.876,2295557705.68
2023-02-15,108467.563,2639742830.08
2023-02-16,108414.525,2555022255.83
2023-02-17,107888.419,2649783837.53
2023-02-18,110183.413,2715779195.34
2023-02-19,107075.046,2604846766.56
2023-02-20,111300.906,2761765031.03
2023-02-21,109693.367,2678312876.26
2023-02-22,105347.033,2547196445.61
2023-02-23,104235.841,2494941798.4
2023-02-24,105790.853,2452813822.23
2023-02-25,109660.959,2540054861.13
2023-02-26,106761.605,2511395320.22
2023-02-27,100666.015,2364312494.5
2023-02-28,103353.359,2388800277.33
2023-03-01,103710.078,2451571816.59
2023-03-02,108443.113,2543684053.86
2023-03-03,101571.299,2267426893.23
2023-03-04,99460.43,2220662966.65
2023-03-05,99418.997,2229588486.17
2023-03-06,103603.494,2320363405.97
2023-03-07,104667.169,2322124878.0
2023-03-08,107056.127,2321805178.55
2023-03-09,99032.616,2015055285.6
2023-03-10,96755.462,1946883524.92
2023-03-11,92112.538,1885706304.1
2023-03-12,86517.236,1899563781.89
2023-03-13,99251.682,2387852743.55
2023-03-14,96622.75,2387132674.68
2023-03-15,93282.503,2264422937.59
2023-03-16,103805.872,2595375172.92
2023-03-17,107231.352,2928863532.85
2023-03-18,106478.031,2865929377.36
2023-03-19,111961.309,3123048753.25
2023-03-20,111211.522,3079280226.9
2023-03-21,110508.861,3104869499.22
2023-03-22,102302.836,2787850959.39
2023-03-23,103899.76,2941795274.88
2023-03-24,98059.919,2688028305.62
2023-03-25,97209.493,2668305533.15
2023-03-26,102629.095,2870339557.06
2023-03-27,98842.385,2681584637.52
2023-03-28,102259.053,2787234104.0
2023-03-29,109511.276,3102761080.65
2023-03-30,101878.975,2853894975.09
2023-03-31,107656.907,3063910772.23
2023-04-01,105961.485,3014774723.46
2023-04-02,104861.668,2954640763.44
2023-04-03,94262.126,2616905142.01
2023-04-04,97309.131,2740002697.28
2023-04-05,96112.037,2706620685.16
2023-04-06,98516.755,2759139053.93
2023-04-07,101978.693,2844389705.16
2023-04-08,101865.603,2843734508.2
2023-04-09,103683.473,2935726575.96
2023-04-10,118347.296,3502500059.85
2023-04-11,113944.471,3443060080.21
2023-04-12,113700.363,3395440137.39
2023-04-13,111911.107,3396026467.11
2023-04-14,99957.371,3045441205.21
2023-04-15,101335.518,3069554175.74
2023-04-16,99974.779,3028151018.69
2023-04-17,100537.124,2956123218.11
2023-04-18,98961.834,3003560935.18
2023-04-19,96398.567,2775748537.48
2023-04-20,99015.036,2797016342.94
2023-04-21,102306.642,2789549940.38
2023-04-22,104477.705,2905660797.07
2023-04-23,103239.72,2846595294.17
2023-04-24,102400.925,2816801360.19
2023-04-25,101727.085,2880059774.37
2023-04-26,92138.294,2613065468.86
2023-04-27,98965.181,2915217308.44
2023-04-28,100443.384,2944271465.55
2023-04-29,100274.392,2928447007.91
2023-04-30,98603.845,2888727515.09
2023-05-01,101704.991,2854828585.87
2023-05-02,101352.14,2901572090.87
2023-05-03,96881.421,2809067113.75
2023-05-04,101150.226,2914117781.01
2023-05-05,105066.984,3097626849.08
2023-05-06,98576.097,2844205389.77
2023-05-07,99776.713,2837739975.66
2023-05-08,105483.638,2920521606.27
2023-05-09,108366.507,2994545871.18
2023-05-10,101812.58,2811481572.73
2023-05-11,108769.133,2935480555.77
2023-05-12,106741.877,2859625559.02
2023-05-13,107439.308,2876297547.26
2023-05-14,107787.92,2899204020.62
2023-05-15,107218.265,2913793493.35
2023-05-16,108701.108,2936484341.84
2023-05-17,107717.295,2949813226.48
2023-05-18,104923.064,2814697591.78
2023-05-19,104135.566,2796508557.15
2023-05-20,104910.991,2843234616.17
2023-05-21,106075.082,2836458300.19
2023-05-22,105318.849,2826290748.69
2023-05-23,104986.398,2856974527.18
2023-05-24,114955.388,3026350031.1
2023-05-25,112009.395,2963871702.16
2023-05-26,106124.898,2833375589.25
2023-05-27,108509.587,2911909021.94
2023-05-28,111123.88,3121680924.57
2023-05-29,111665.361,3096592125.89
2023-05-30,111159.584,3075963544.61
2023-05-31,111835.666,3043126756.83
2023-06-01,113512.884,3041271241.99
2023-06-02,112574.959,3064405047.0
2023-06-03,114427.864,3094026457.48
2023-06-04,108910.339,2951099891.75
2023-06-05,119703.257,3079246583.07
2023-06-06,109276.405,2971444004.76
2023-06-07,103134.113,2718130488.35
2023-06-08,103365.912,2737370808.18
2023-06-09,102600.296,2716804537.93
2023-06-10,101877.44,2631575777.15
2023-06-11,99498.324,2577764921.39
2023-06-12,102429.719,2650983557.44
2023-06-13,103262.894,2674498628.31
2023-06-14,103676.104,2603313569.87
2023-06-15,104064.098,2661558584.96
2023-06-16,104683.485,2757017539.4
2023-06-17,103336.204,2739866446.48
2023-06-18,104265.911,2744664561.39
2023-06-19,109297.517,2926842940.48
2023-06-20,121586.072,3448212211.02
2023-06-21,116876.639,3512143001.95
2023-06-22,117868.697,3524556925.17
2023-06-23,115129.513,3523987750.47
2023-06-24,113465.673,3465185986.09
2023-06-25,113831.688,3466013813.87
2023-06-26,114980.488,3479977319.43
2023-06-27,116005.417,3561002857.28
2023-06-28,112157.56,3372802144.32
2023-06-29,118245.274,3600217651.72
2023-06-30,106000.787,3231182226.11
2023-07-01,109297.114,3342481472.14
2023-07-02,108567.819,3324529906.87
2023-07-03,117790.91,3668481895.49
2023-07-04,113978.741,3506669945.61
2023-07-05,112524.927,3431773971.15
2023-07-06,103023.136,3085989113.38
2023-07-07,103474.852,3135908864.71
2023-07-08,103417.433,3128808719.79
2023-07-09,102280.534,3083670765.58
2023-07-10,105970.925,3221262664.97
2023-07-11,107958.057,3304496756.79
2023-07-12,111207.495,3377560675.89
2023-07-13,111251.884,3496583682.8
2023-07-14,101218.264,3065720733.64
2023-07-15,100166.722,3031265374.51
2023-07-16,100914.517,3048244083.41
2023-07-17,104796.208,3159267644.51
2023-07-18,106871.785,3188690700.33
2023-07-19,104830.827,3136538343.84
2023-07-20,109741.984,3267975530.89
2023-07-21,106641.249,3188200100.73
2023-07-22,106104.839,3155791342.51
2023-07-23,100438.528,3018579520.51
2023-07-24,111783.054,3261589121.35
2023-07-25,108289.552,3164820603.71
2023-07-26,109215.116,3203600400.12
2023-07-27,109903.596,3209163022.48
2023-07-28,107974.662,3163813682.87
2023-07-29,108230.511,3176240806.32
2023-07-30,106354.161,3112123852.94
2023-07-31,108848.649,3181403368.49
2023-08-01,109366.38,3243205315.71
2023-08-02,112389.114,3275429621.6
2023-08-03,111599.595,3257051365.59
2023-08-04,114691.666,3337516011.43
2023-08-05,112647.61,3273945078.0
2023-08-06,111146.048,3231871439.93
2023-08-07,111593.785,3258237218.78
2023-08-08,124013.292,3690445328.59
2023-08-09,118156.705,3495475908.29
2023-08-10,118619.19,3492872530.66
2023-08-11,118264.448,3478855175.92
2023-08-12,117209.238,3448084805.33
2023-08-13,114752.923,3361441765.57
2023-08-14,107377.723,3158998921.8
2023-08-15,114193.358,3333176679.4
2023-08-16,116933.237,3358610711.34
2023-08-17,106577.393,2834308531.7
2023-08-18,95823.468,2496220506.09
2023-08-19,87632.047,2285150043.92
2023-08-20,89701.308,2347294857.61
2023-08-21,91004.523,2375572967.94
2023-08-22,87020.026,2265897053.01
2023-08-23,83971.617,2216724731.37
2023-08-24,85646.23,2237764697.44
2023-08-25,84104.64,2190799715.04
2023-08-26,85658.773,2227939674.86
2023-08-27,86583.037,2258379987.29
2023-08-28,86251.751,2252699702.95
2023-08-29,92123.711,2552296625.63
2023-08-30,89238.534,2435007257.99
2023-08-31,82362.207,2134979251.66
2023-09-01,83680.407,2159649047.98
2023-09-02,80668.981,2085011296.05
2023-09-03,80375.001,2087330738.47
2023-09-04,81116.469,2094816292.95
2023-09-05,83762.576,2158862725.25
2023-09-06,83221.695,2143589334.94
2023-09-07,82491.876,2160717957.26
2023-09-08,83475.175,2161998684.98
2023-09-09,83494.081,2160840385.29
2023-09-10,81718.789,2110665569.81
2023-09-11,89392.787,2246664219.28
2023-09-12,87235.13,2254053778.78
2023-09-13,89879.932,2355877543.24
2023-09-14,91673.36,2430810813.76
2023-09-15,86798.035,2310303297.59
2023-09-16,86537.603,2296716559.49
2023-09-17,84798.877,2249375011.3
2023-09-18,89660.495,2396319642.15
2023-09-19,92707.277,2521888244.05
2023-09-20,90339.583,2449639098.67
2023-09-21,92473.664,2454774711.77
2023-09-22,92701.528,2462717485.51
2023-09-23,91361.441,2426995439.45
2023-09-24,90344.694,2370617667.15
2023-09-25,89731.367,2359574062.57
2023-09-26,91213.201,2390319783.51
2023-09-27,88284.915,2326588876.86
2023-09-28,93864.985,2534539494.78
2023-09-29,88478.469,2379741733.24
2023-09-30,90165.992,2430341674.59
2023-10-01,87461.208,2445878299.52
2023-10-02,87971.606,2427441811.5
2023-10-03,87742.971,2405219095.35
2023-10-04,90048.713,2500085453.12
2023-10-05,91584.18,2509883594.5
2023-10-06,94048.419,2625658912.74
2023-10-07,90902.056,2540241363.44
2023-10-08,92112.403,2571626940.97
2023-10-09,90835.067,2504695220.96
2023-10-10,92970.338,2545379101.9
2023-10-11,98105.467,2632964333.89
2023-10-12,97022.748,2593379244.94
2023-10-13,97361.792,2612314241.15
2023-10-14,98460.572,2643302054.08
2023-10-15,97510.743,2644884691.89
2023-10-16,89059.462,2537051164.11
2023-10-17,91218.555,2589800364.77
2023-10-18,86451.802,2447424579.08
2023-10-19,93974.693,2695094265.32
2023-10-20,90417.191,2681321799.11
2023-10-21,96370.893,2879716476.27
2023-10-22,93112.919,2789141620.89
2023-10-23,88835.835,2926874255.74
2023-10-24,84664.998,2866265775.29
2023-10-25,83862.745,2890066948.14
2023-10-26,84702.24,2892496793.76
2023-10-27,84515.021,2865832765.5
2023-10-28,84705.534,2887906926.62
2023-10-29,88104.187,3043127429.4
2023-10-30,86810.488,2994526417.81
2023-10-31,88208.218,3057869724.18
2023-11-01,86821.796,3077077318.57
2023-11-02,81451.312,2843807013.34
2023-11-03,81453.366,2827506984.63
2023-11-04,83491.371,2924312895.29
2023-11-05,86026.657,3014606333.25
2023-11-06,86230.137,3021047409.87
2023-11-07,88607.899,3140008772.24
2023-11-08,89927.294,3209487137.4
2023-11-09,79713.194,2932614226.55
2023-11-10,79882.175,2982960178.85
2023-11-11,80234.305,2979116926.91
2023-11-12,80872.319,2997093926.17
2023-11-13,80495.832,2942058262.93
2023-11-14,78697.731,2798053307.17
2023-11-15,82662.569,3132283129.58
2023-11-16,81109.884,2939091947.23
2023-11-17,77714.936,2838759605.49
2023-11-18,79440.006,2904660267.39
2023-11-19,80902.714,3025802984.17
2023-11-20,83455.578,3127706424.49
2023-11-21,80072.127,2877928367.0
2023-11-22,80861.483,3028553639.69
2023-11-23,81959.406,3055504027.26
2023-11-24,80050.172,3018523880.76
2023-11-25,79584.332,3005951318.5
2023-11-26,79115.368,2964824681.19
2023-11-27,79241.93,2952876966.01
2023-11-28,81157.274,3065196448.67
2023-11-29,82716.306,3127065133.44
2023-11-30,82621.119,3114807924.19
2023-12-01,89069.148,3441284509.04
2023-12-02,81761.429,3225176997.24
2023-12-03,79911.584,3191507494.49
2023-12-04,83182.751,3493829195.58
2023-12-05,82496.849,3637936458.55
2023-12-06,85177.094,3725158830.86
2023-12-07,83437.109,3610350128.5
2023-12-08,82108.968,3631761763.61
2023-12-09,80769.313,3531161671.98
2023-12-10,83109.411,3637723852.29
2023-12-11,75580.11,3117408909.25
2023-12-12,77380.153,3214022126.33
2023-12-13,78552.458,3371125866.54
2023-12-14,76295.699,3281668753.24
2023-12-15,75847.357,3183882428.47
2023-12-16,75358.782,3185219782.31
2023-12-17,76370.764,3166709932.93
2023-12-18,75484.065,3220912601.96
2023-12-19,76763.163,3248010629.17
2023-12-20,79748.384,3483531904.97
2023-12-21,80550.971,3534974106.81
2023-12-22,77326.645,3402074236.43
2023-12-23,78634.71,3440095566.14
2023-12-24,77297.416,3326596828.47
2023-12-25,77526.217,3383693761.94
2023-12-26,79601.675,3387277523.2
2023-12-27,76026.503,3299542627.55
2023-12-28,75581.372,3221399004.84
2023-12-29,75664.074,3183285956.48
2023-12-30,75540.575,3190821343.98
2023-12-31,74018.381,3127313606.44
2024-01-01,76481.546,3379635388.04
2024-01-02,79762.793,3588017575.19
2024-01-03,68595.132,2937699968.68
2024-01-04,71336.71,3151770297.4
2024-01-05,67284.894,2968016297.6
2024-01-06,68211.197,2996947614.75
2024-01-07,70293.254,3081627013.32
2024-01-08,74589.143,3499884388.1
2024-01-09,70798.31,3262393204.63
2024-01-10,68587.25,3193214779.23
2024-01-11,71411.395,3311245882.97
2024-01-12,74772.996,3207679278.1
2024-01-13,75170.331,3220182823.96
2024-01-14,76980.282,3213863295.83
2024-01-15,73937.044,3150339849.54
2024-01-16,74144.321,3198252358.5
2024-01-17,75764.089,3240776555.98
2024-01-18,77570.16,3203073588.82
2024-01-19,74484.43,3101495432.22
2024-01-20,74642.896,3110123154.76
2024-01-21,74639.086,3102119627.07
2024-01-22,76117.557,3007998394.01
2024-01-23,75828.266,3023793057.17
2024-01-24,76253.491,3060517740.13
2024-01-25,77945.585,3112873995.37
2024-01-26,79505.583,3327372253.02
2024-01-27,78226.289,3292842236.59
2024-01-28,75159.253,3157928753.67
2024-01-29,77014.859,3330307338.82
2024-01-30,73884.75,3169516991.67
2024-01-31,71942.751,3064545364.35
2024-02-01,73894.594,3181785280.41
2024-02-02,74289.041,3207243622.57
2024-02-03,75701.57,3251499782.36
2024-02-04,77296.717,3292450670.44
2024-02-05,79782.275,3406854728.82
2024-02-06,80370.363,3462604386.17
2024-02-07,82827.913,3669964017.58
2024-02-08,85149.581,3856403954.02
2024-02-09,83214.855,3917631791.46
2024-02-10,86808.316,4144099755.82
2024-02-11,89416.506,4314956596.8
2024-02-12,92352.839,4621385727.0
2024-02-13,88156.059,4385151367.56
2024-02-14,90406.97,4680372720.23
2024-02-15,87227.671,4527544219.13
2024-02-16,89491.944,4685642941.53
2024-02-17,87533.511,4525753403.75
2024-02-18,85504.804,4458374389.21
2024-02-19,87604.11,4535378660.04
2024-02-20,87203.076,4561800763.06
2024-02-21,86293.057,4476696198.2
2024-02-22,84886.38,4360171931.42
2024-02-23,88089.125,4479663214.49
2024-02-24,87024.156,4488671156.82
2024-02-25,86416.011,4474292271.68
2024-02-26,84906.706,4626965645.77
2024-02-27,80667.673,4603333026.81
2024-02-28,75184.662,4704356930.6
2024-02-29,71841.907,4404560010.71
2024-03-01,73919.975,4619758238.47
2024-03-02,72912.818,4525131362.14
2024-03-03,75540.753,4769318319.18
2024-03-04,81105.699,5537913348.86
2024-03-05,71725.607,4571608416.13
2024-03-06,73260.209,4843864009.9
2024-03-07,73480.603,4913640574.55
2024-03-08,73990.354,5044291842.14
2024-03-09,73645.213,5034394125.2
2024-03-10,77404.994,5340944586.0
2024-03-11,79393.551,5728563062.37
2024-03-12,78117.048,5585900127.93
2024-03-13,80397.27,5878704756.46
2024-03-14,83981.907,6000778051.83
2024-03-15,79345.217,5515912006.66
2024-03-16,76563.969,5003524281.72
2024-03-17,78535.72,5375612962.56
2024-03-18,79113.281,5351864595.06
2024-03-19,77962.651,4831657333.07
2024-03-20,76952.183,5222252166.24
2024-03-21,75345.505,4938046448.54
2024-03-22,73071.968,4663036381.82
2024-03-23,73940.077,4733665911.56
2024-03-24,77033.64,5181158418.94
2024-03-25,78825.936,5511548858.09
2024-03-26,79655.738,5579073630.58
2024-03-27,83137.811,5780796470.92
2024-03-28,83098.968,5886197843.3
2024-03-29,81097.306,5668572793.57
2024-03-30,80226.288,5586667134.07
2024-03-31,82700.764,5901774621.33
2024-04-01,84279.08,5877422943.63
2024-04-02,78432.606,5131515662.38
2024-04-03,80032.024,5294495054.63
2024-04-04,78454.81,5373354245.94
2024-04-05,76300.971,5080468678.54
2024-04-06,76504.442,5279314256.35
2024-04-07,78691.952,5464864906.18
2024-04-08,80241.385,5751351290.99
2024-04-09,80294.879,5557465519.2
2024-04-10,79670.545,5532061385.87
2024-04-11,81959.676,5745237702.46
2024-04-12,83400.305,5779882997.38
2024-04-13,79723.015,5367691132.23
2024-04-14,66286.802,4220864302.93
2024-04-15,68231.696,4446721110.4
2024-04-16,67483.833,4228390040.5
2024-04-17,64225.646,4087914323.47
2024-04-18,67153.434,4121806184.89
2024-04-19,66698.823,4123879261.97
2024-04-20,66803.131,4318314715.35
2024-04-21,66468.779,4295899973.78
2024-04-22,68912.485,4616470523.28
2024-04-23,68384.572,4523475314.83
2024-04-24,68604.421,4542874991.55
2024-04-25,69409.317,4469932251.07
2024-04-26,67388.789,4303717551.4
2024-04-27,67042.246,4244988766.66
2024-04-28,65747.694,4147916818.15
2024-04-29,65788.617,4126110744.42
2024-04-30,73988.737,4469742388.22
2024-05-01,68404.001,3988782717.94
2024-05-02,67561.195,3988596756.98
2024-05-03,72115.025,4532696146.84
2024-05-04,73775.775,4711630849.76
2024-05-05,72614.07,4646429111.16
2024-05-06,70800.911,4470567763.09
2024-05-07,70977.329,4421596589.65
2024-05-08,69698.073,4262706693.03
2024-05-09,69749.117,4397688801.76
2024-05-10,71763.433,4361645107.22
2024-05-11,70830.957,4312378333.9
2024-05-12,69740.49,4285950631.29
2024-05-13,71110.334,4474091550.48
2024-05-14,67758.064,4170641640.03
2024-05-15,73614.701,4871614098.2
2024-05-16,72377.85,4720324145.73
2024-05-17,74105.612,4963738682.06
2024-05-18,75143.755,5026336633.23
2024-05-19,75130.213,4976580230.99
2024-05-20,70473.906,5036171033.62
2024-05-21,78452.073,5504327639.29
2024-05-22,77768.522,5382884377.68
2024-05-23,70841.347,4817445372.45
2024-05-24,70215.723,4815103088.78
2024-05-25,72347.36,5014419413.67
2024-05-26,71075.227,4870380177.52
2024-05-27,71580.708,4972110506.81
2024-05-28,71880.384,4919326970.31
2024-05-29,76232.589,5159932381.87
2024-05-30,74250.547,5078538140.02
2024-05-31,76516.484,5170290748.29
2024-06-01,75471.872,5116940091.29
2024-06-02,76090.207,5159372575.84
2024-06-03,78537.52,5407410350.78
2024-06-04,81171.017,5729050379.86
2024-06-05,82454.506,5865261111.65
2024-06-06,81918.049,5802247218.87
2024-06-07,82372.639,5714774813.17
2024-06-08,83482.286,5789204346.1
2024-06-09,83577.764,5822612084.59
2024-06-10,85572.685,5952333281.38
2024-06-11,82672.343,5565232499.9
2024-06-12,81189.437,5542733861.61
2024-06-13,82145.939,5485894277.75
2024-06-14,79378.435,5242135971.71
2024-06-15,80508.054,5330738592.06
2024-06-16,80884.799,5391632282.9
2024-06-17,79602.371,5291328805.11
2024-06-18,77688.615,5061413267.25
2024-06-19,75443.813,4899797084.02
2024-06-20,74377.632,4823679507.96
2024-06-21,76738.134,4920756104.62
2024-06-22,78036.856,5013284397.44
2024-06-23,77593.986,4903544185.87
2024-06-24,76111.899,4587530544.38
2024-06-25,75584.461,4669622161.68
2024-06-26,74876.9,4557136663.65
2024-06-27,74906.653,4620399661.01
2024-06-28,78522.055,4745103580.24
2024-06-29,80535.814,4911275277.26
2024-06-30,85675.692,5377548313.48
2024-07-01,81856.177,5148136485.18
2024-07-02,84473.518,5247790595.47
2024-07-03,88025.505,5299830802.49
2024-07-04,88552.548,5051533909.16
2024-07-05,83117.828,4705217125.25
2024-07-06,80177.383,4667614546.47
2024-07-07,81293.278,4538953271.84
2024-07-08,78848.787,4470642111.93
2024-07-09,82178.811,4768513096.9
2024-07-10,0.0,0.0
2024-07-11,85093.514,4876779182.91
2024-07-12,0.0,0.0
2024-07-13,85453.399,5056709797.98
2024-07-14,84969.235,5163249030.93
2024-07-15,85234.987,5514588554.79
2024-07-16,83191.065,5408023078.26
2024-07-17,79387.044,5085319693.62
2024-07-18,78588.674,5026531589.04
2024-07-19,84274.956,5615334248.99
2024-07-20,82810.277,5556348316.47
2024-07-21,80653.708,5495582355.7
2024-07-22,80887.132,5460430526.35
2024-07-23,82275.688,5423588670.25
2024-07-24,80734.163,5280345270.27
2024-07-25,83327.2,5480758418.64
2024-07-26,84651.1,5746336760.86
2024-07-27,86084.842,5842012173.52
2024-07-28,85585.613,5840321136.21
2024-07-29,84865.254,5665370847.59
2024-07-30,82994.073,5490838073.24
2024-07-31,82570.404,5334196725.13
2024-08-01,87192.052,5696160845.9
2024-08-02,87796.487,5398052867.76
2024-08-03,85283.126,5175372388.06
2024-08-04,88098.464,5121964528.69
2024-08-05,75212.503,4060141944.6
2024-08-06,76846.83,4304090775.55
2024-08-07,76977.234,4241668827.38
2024-08-08,75598.582,4668726508.86
2024-08-09,71916.705,4373161339.33
2024-08-10,71072.428,4327987229.99
2024-08-11,70092.777,4113969379.02
2024-08-12,68490.559,4063106525.89
2024-08-13,72127.824,4367734979.37
2024-08-14,78050.791,4577530595.65
2024-08-15,83767.535,4817913569.95
2024-08-16,82133.267,4833953429.28
2024-08-17,82618.622,4913197260.54
2024-08-18,82695.127,4828576735.04
2024-08-19,79541.102,4718569069.28
2024-08-20,82720.661,4879501534.87
2024-08-21,85607.454,5232327588.48
2024-08-22,83676.724,5049881925.73
2024-08-23,86666.882,5548405118.95
2024-08-24,87051.136,5581875784.26
2024-08-25,87953.834,5646631310.33
2024-08-26,84295.242,5294951304.22
2024-08-27,81452.86,4837029219.38
2024-08-28,79140.046,4670038286.45
2024-08-29,81990.666,4864905577.52
2024-08-30,79855.24,4719149219.61
2024-08-31,80996.552,4774438953.5
2024-09-01,82146.888,4705434422.06
2024-09-02,82500.524,4876787474.79
2024-09-03,83178.403,4779218287.85
2024-09-04,81107.801,4699767196.6
2024-09-05,84239.848,4728340548.32
2024-09-06,85488.795,4610472180.19
2024-09-07,83343.018,4511757610.83
2024-09-08,84701.211,4645320795.94
2024-09-09,87589.681,4993810645.78
2024-09-10,86164.522,4963232777.59
2024-09-11,85823.416,4918333994.76
2024-09-12,85500.095,4967307569.22
2024-09-13,89407.534,5405239757.01
2024-09-14,87444.784,5243539027.78
2024-09-15,86325.114,5107617466.94
2024-09-16,84525.958,4918303465.55
2024-09-17,85409.353,5148561208.19
2024-09-18,83807.594,5173324667.76
2024-09-19,87179.866,5486167941.47
2024-09-20,86595.492,5471209696.4
2024-09-21,86575.326,5482010245.05
2024-09-22,85730.221,5448404162.19
2024-09-23,88986.639,5633156798.22
2024-09-24,91143.49,5855340342.42
2024-09-25,88401.77,5580020338.03
2024-09-26,88244.101,5748604000.17
2024-09-27,85849.737,5644577282.88
2024-09-28,85266.241,5612738513.59
2024-09-29,85611.604,5613692767.28
2024-09-30,86806.037,5496020020.47
2024-10-01,84304.326,5124995236.36
2024-10-02,82501.51,5001464290.28
2024-10-03,84456.344,5128788847.72
2024-10-04,84723.375,5257213170.78
2024-10-05,84276.544,5227737408.57
2024-10-06,86185.674,5411756875.45
2024-10-07,83246.471,5177926075.87
2024-10-08,85922.831,5338646120.18
2024-10-09,86901.553,5266788489.51
2024-10-10,85843.982,5175860569.04
2024-10-11,87533.767,5471648241.4
2024-10-12,89354.75,5645066750.52
2024-10-13,85774.197,5390145537.14
2024-10-14,86445.082,5710977053.31
2024-10-15,82779.101,5550265847.09
2024-10-16,86461.085,5844251791.17
2024-10-17,81685.646,5506125468.9
2024-10-18,86390.062,5909080240.8
2024-10-19,86749.239,5929622782.91
2024-10-20,86609.797,5977973177.11
2024-10-21,86956.165,5858123793.04
2024-10-22,86928.661,5860260909.85
2024-10-23,84249.392,5615177033.04
2024-10-24,85471.049,5827038700.07
2024-10-25,80098.846,5340978489.92
2024-10-26,80968.74,5430727232.41
2024-10-27,82206.349,5589801554.22
2024-10-28,89115.037,6232705687.78
2024-10-29,90242.979,6564165236.45
2024-10-30,89315.493,6462035630.34
2024-10-31,89544.929,6296634723.99
2024-11-01,84087.599,5843770944.32
2024-11-02,85855.111,5955468557.18
2024-11-03,82985.243,5706272771.79
2024-11-04,84138.044,5707641246.97
2024-11-05,82913.28,5750301290.5
2024-11-06,89441.85,6759597498.93
2024-11-07,88615.412,6721881903.14
2024-11-08,89975.084,6881831540.69
2024-11-09,87469.086,6706787770.9
2024-11-10,85939.832,6910413297.14
2024-11-11,84951.36,7537649221.44
2024-11-12,84314.918,7416746073.32
2024-11-13,83030.477,7507044851.15
2024-11-14,85959.147,7510788819.33
2024-11-15,84836.027,7726407224.61
2024-11-16,84696.56,7674838071.99
2024-11-17,84052.753,7555943419.23
2024-11-18,84971.438,7690097664.73
2024-11-19,85377.191,7881534551.39
2024-11-20,89561.299,8443854909.7
2024-11-21,89307.843,8784775885.81
2024-11-22,90671.153,8969070556.63
2024-11-23,90282.742,8822926103.32
2024-11-24,87507.222,8572251220.73
2024-11-25,90378.808,8411022425.59
2024-11-26,87584.888,8059009608.97
2024-11-27,86144.76,8261683736.52
2024-11-28,85987.754,8228507339.81
2024-11-29,88021.766,8583556939.79
2024-11-30,86886.501,8381261873.96
2024-12-01,86613.045,8424426483.23
2024-12-02,86363.424,8281306750.1
2024-12-03,87478.508,8390361129.21
2024-12-04,92642.832,9142841816.07
2024-12-05,92201.575,8943700297.52
2024-12-06,89431.161,8925453445.7
2024-12-07,88605.133,8851573042.08
2024-12-08,89375.095,9044218357.79
2024-12-09,89931.062,8754707947.74
2024-12-10,87743.112,8476186428.36
2024-12-11,92933.371,9396205048.36
2024-12-12,91669.09,9165286457.11
2024-12-13,92004.474,9326668337.88
2024-12-14,92610.017,9389878148.21
2024-12-15,98884.509,10328388080.54
2024-12-16,93136.479,9874636853.96
2024-12-17,92379.01,9799945879.46
2024-12-18,92500.772,9266967840.97
2024-12-19,91568.358,8921908020.72
2024-12-20,89107.0,8711492390.8
2024-12-21,87819.092,8541442962.29
2024-12-22,86862.228,8265452522.78
2024-12-23,90262.465,8562396718.61
2024-12-24,91745.762,9049216838.49
2024-12-25,91878.328,9130831485.31
2024-12-26,89325.492,8553294203.14
2024-12-27,89656.693,8451384092.66
2024-12-28,90696.294,8639984798.82
2024-12-29,89934.175,8426823204.08
2024-12-30,90901.515,8432059554.27
2024-12-31,91237.347,8535222950.98
2025-01-01,92290.283,8728907256.42
2025-01-02,91933.181,8914539921.94
2025-01-03,90565.982,8888670756.18
2025-01-04,87457.503,8585982933.52
2025-01-05,90096.533,8860102064.87
2025-01-06,93902.766,9595851507.58
2025-01-07,92131.358,8929389643.63
2025-01-08,90708.213,8620556565.47
2025-01-09,87392.533,8084656141.72
2025-01-10,88470.1,8376434085.26
2025-01-11,87663.849,8289940206.26
2025-01-12,87549.292,8273399339.07
2025-01-13,83846.402,7922459113.03
2025-01-14,84491.968,8154742291.52
2025-01-15,86632.015,8703217789.21
2025-01-16,86229.624,8617451446.44
2025-01-17,90556.742,9421758885.21
2025-01-18,87814.441,9179704071.21
2025-01-19,84146.129,8524684451.34
2025-01-20,84057.982,8595910363.76
2025-01-21,86596.492,9189143450.33
2025-01-22,83833.594,8690601138.65
2025-01-23,80453.974,8356559123.07
2025-01-24,82342.855,8630476876.31
2025-01-25,81553.981,8538856763.26
2025-01-26,81648.075,8376307867.89
2025-01-27,84007.853,8571709327.38
2025-01-28,80332.024,8137351151.2
2025-01-29,81401.934,8441234032.32
2025-01-30,82971.871,8685246540.67
2025-01-31,83384.842,8536923446.99
2025-02-01,84243.118,8475160946.02
2025-02-02,83568.38,8161813828.43
2025-02-03,78322.06,7933531249.02
2025-02-04,74870.066,7315546661.85
2025-02-05,76450.473,7382730437.04
2025-02-06,75204.701,7258381717.02
2025-02-07,75993.54,7330034253.68
2025-02-08,76262.283,7352591602.37
2025-02-09,74484.248,7182179801.71
2025-02-10,75990.854,7400334069.98
2025-02-11,79155.804,7577695935.05
2025-02-12,78374.697,7667447857.01
2025-02-13,78469.961,7577098669.14
2025-02-14,76975.29,7501172900.37
2025-02-15,76875.538,7498278537.89
2025-02-16,76101.566,7311338253.02
2025-02-17,76980.361,7370338401.26
2025-02-18,81978.877,7838865299.84
2025-02-19,77709.802,7507186635.65
2025-02-20,82419.61,8097965699.37
2025-02-21,81285.283,7814067839.83
2025-02-22,79662.012,7687654186.26
2025-02-23,80419.492,7737826807.1
2025-02-24,90351.827,8269421806.63
2025-02-25,85153.312,7547912937.7
2025-02-26,82318.438,6931361212.55
2025-02-27,82513.11,6986018208.31
2025-02-28,78947.448,6655319009.72
2025-03-01,78477.403,6750510789.63
2025-03-02,79049.404,7448688745.06
2025-03-03,71171.525,6133576258.81
2025-03-04,67718.105,5908133788.83
2025-03-05,69816.069,6323060438.14
2025-03-06,68745.855,6179420539.65
2025-03-07,69111.742,5995706243.12
2025-03-08,68425.001,5897195026.18
2025-03-09,70149.234,5660257512.38
2025-03-10,69692.488,5476435707.04
2025-03-11,69968.586,5800115905.06
2025-03-12,68962.566,5768070397.78
2025-03-13,72030.145,5840593119.38
2025-03-14,72975.574,6125212101.25
2025-03-15,70622.154,5953659448.66
2025-03-16,68524.906,5656155381.09
2025-03-17,71103.846,5970358010.05
2025-03-18,70453.053,5824387489.27
2025-03-19,76225.349,6616512743.9
2025-03-20,70731.836,5954460589.09
2025-03-21,70736.454,5945420179.64
2025-03-22,70129.169,5877167995.13
2025-03-23,72903.525,6273557041.48
2025-03-24,77221.553,6754051856.5
2025-03-25,75025.197,6554936456.85
2025-03-26,70461.688,6120901144.03
2025-03-27,70732.302,6167227216.91
2025-03-28,73855.534,6231989043.35
2025-03-29,71042.954,5868724516.97
2025-03-30,69934.069,5758504116.19
2025-03-31,68841.849,5680669442.53
2025-04-01,71538.523,6089430616.28
2025-04-02,69853.242,5761844666.37
2025-04-03,71579.881,5952568587.98
2025-04-04,72830.083,6107632722.5
2025-04-05,70789.853,5911088381.41
2025-04-06,73134.17,5732993289.64
2025-04-07,70877.567,5609257740.14
2025-04-08,73341.1,5595779247.8
2025-04-09,74632.4,6163733187.96
2025-04-10,73550.604,5852870989.34
2025-04-11,78186.868,6519666718.99
2025-04-12,80937.752,6899135306.06
2025-04-13,77524.942,6489982238.0
2025-04-14,75818.0,6410700008.4
2025-04-15,77459.184,6476253931.38
2025-04-16,76363.667,6414103866.37
2025-04-17,78013.242,6624581025.26
2025-04-18,76433.622,6453269179.88
2025-04-19,79184.598,6734412506.11
2025-04-20,77416.471,6591407601.44
2025-04-21,82121.374,7182978876.17
2025-04-22,84569.012,7899160108.96
2025-04-23,81651.72,7645970802.55
2025-04-24,82880.683,7785115163.28
2025-04-25,86023.562,8137123571.99
2025-04-26,83908.875,7935732198.45
2025-04-27,84165.372,7886042860.28
2025-04-28,81930.526,7780860123.69
2025-04-29,81975.447,7723122154.94
2025-04-30,80085.011,7538483829.59
2025-05-01,86024.787,8295776517.32
2025-05-02,86234.604,8350239727.64
2025-05-03,83719.958,8022046642.83
2025-05-04,81781.683,7707149039.98
2025-05-05,80389.447,7612623384.67
2025-05-06,82532.419,7988675977.65
2025-05-07,81443.133,7899223105.87
2025-05-08,79514.574,8209223649.26
2025-05-09,78466.358,8077468131.96
2025-05-10,79950.718,8377955788.5
2025-05-11,81331.618,8464401080.63
2025-05-12,81619.983,8385635997.98
2025-05-13,82270.93,8562944751.77
2025-05-14,80227.713,8300214777.1
2025-05-15,79526.047,8249316381.36
2025-05-16,80264.766,8301053492.61
2025-05-17,78568.756,8099126645.37
2025-05-18,80978.929,8617426094.36
2025-05-19,82341.786,8690457551.0
2025-05-20,83827.018,8952423745.14
2025-05-21,86980.918,9534103033.49
2025-05-22,88030.201,9829760874.5
2025-05-23,84035.595,9014803055.7
2025-05-24,86276.107,9291841820.18
2025-05-25,87959.179,9583671511.21
2025-05-26,90182.612,9866399705.15
2025-05-27,86811.242,9452815373.51
2025-05-28,87222.658,9395886387.73
2025-05-29,85633.755,9037786502.7
2025-05-30,82415.954,8567138418.3
2025-05-31,83551.629,8734879988.32
2025-06-01,82804.416,8743286238.03
2025-06-02,82000.887,8676341651.61
2025-06-03,82486.529,8688314348.22
2025-06-04,80790.898,8454447353.18
2025-06-05,82247.529,8344727370.55
2025-06-06,84607.043,8819446623.02
2025-06-07,83206.626,8779100499.17
2025-06-08,82511.392,8719744539.02
2025-06-09,86408.093,9524582634.39
2025-06-10,84493.376,9314152651.37
2025-06-11,82285.949,8937139383.93
2025-06-12,79455.085,8392170589.0
2025-06-13,78497.08,8323192639.84
2025-06-14,78209.462,8240133274.43
2025-06-15,78624.389,8298510858.91
2025-06-16,77946.862,8320835313.19
2025-06-17,76552.482,8000346788.86
2025-06-18,76490.255,8018969053.03
2025-06-19,77793.71,8138177943.94
2025-06-20,77505.706,8002115368.82
2025-06-21,75459.019,7702841567.72
2025-06-22,78683.302,7940490209.54
2025-06-23,72609.466,7645337021.36
2025-06-24,75448.899,8000224005.47
2025-06-25,76626.179,8220723524.24
2025-06-26,77712.998,8307817984.64
2025-06-27,75329.475,8060020303.63
2025-06-28,75523.864,8099251412.99
2025-06-29,77916.541,8439165474.61
2025-06-30,76425.99,8185783816.79
2025-07-01,74368.387,7856127665.91
2025-07-02,81361.331,8852104676.67
2025-07-03,82935.493,9085176874.23
2025-07-04,79507.862,8581704937.33
2025-07-05,79294.583,8575978753.03
2025-07-06,77925.439,8505234380.01
2025-07-07,78235.738,8465800427.57
2025-07-08,78100.428,8503043517.73
2025-07-09,85656.295,9524971438.37
2025-07-10,85104.813,9870379617.41
2025-07-11,87802.017,10316848232.48
2025-07-12,88029.021,10333673957.78
2025-07-13,89419.39,10644568665.86
2025-07-14,93070.334,11151549767.17
2025-07-15,89719.159,10563399201.92
2025-07-16,89544.46,10619801515.02
2025-07-17,89608.477,10679233620.04
2025-07-18,89349.022,10534042570.47
2025-07-19,87692.615,10331444051.39
2025-07-20,89276.476,10465890557.82
2025-07-21,90303.941,10595459874.3
2025-07-22,90080.732,10809120331.39
2025-07-23,87174.598,10348801639.67
2025-07-24,89595.196,10597615447.03
2025-07-25,91507.402,10760223516.22
2025-07-26,89294.413,10526855842.48
2025-07-27,90391.576,10794511818.95
2025-07-28,91809.746,10837393360.98
2025-07-29,90965.943,10725260093.51
2025-07-30,91480.686,10773947547.63
2025-07-31,90242.852,10441293601.32
2025-08-01,89004.236,10079258004.55
2025-08-02,85730.243,9645489573.77
2025-08-03,85207.636,9726528336.27
2025-08-04,84829.515,9755572366.98
2025-08-05,83848.531,9565232667.16
2025-08-06,83762.857,9628139769.53
2025-08-07,82983.91,9743962413.81
2025-08-08,82228.761,9590192383.66
2025-08-09,84005.291,9780063988.8
2025-08-10,86956.39,10370019072.01
2025-08-11,89725.76,10645255106.39
2025-08-12,88969.703,10683570905.94
2025-08-13,93245.38,11499383918.58
2025-08-14,91925.697,10869764688.16
2025-08-15,89022.785,10440774775.66
2025-08-16,90567.59,10626621094.62
2025-08-17,89560.072,10510666575.94
2025-08-18,87486.342,10164478164.39
2025-08-19,87863.05,9913496421.18
2025-08-20,85994.263,9822337739.89
2025-08-21,89657.848,10083056072.85
2025-08-22,88577.47,10354493657.07
2025-08-23,91748.224,10585644015.27
2025-08-24,93742.251,10634702155.4
2025-08-25,90123.22,9919374502.2
2025-08-26,89251.985,9970330319.15
2025-08-27,88137.738,9801568720.31
2025-08-28,88004.436,9901380762.94
2025-08-29,89145.425,9657337839.27
2025-08-30,89550.131,9739306586.31
2025-08-31,89832.067,9720584238.76
2025-09-01,88447.967,9657908124.59
2025-09-02,89269.39,9925816193.34
2025-09-03,90305.298,10083869835.57
2025-09-04,88078.6,9749517120.46
2025-09-05,87253.364,9651513408.19
2025-09-06,86989.727,9580639680.06
2025-09-07,88888.088,9873777703.13
2025-09-08,91251.688,10221566921.77
2025-09-09,92140.779,10273687644.42
2025-09-10,93802.932,10684144188.08
2025-09-11,92643.921,10693609869.27
2025-09-12,91691.068,10634183360.93
2025-09-13,89215.409,10336997617.42
2025-09-14,87747.168,10110916340.36
2025-09-15,88351.4,10186960595.7
2025-09-16,90738.318,10593453633.04
2025-09-17,87443.421,10178632812.95
2025-09-18,91079.361,10657880703.87
2025-09-19,90128.548,10416134961.28
2025-09-20,89156.294,10308696493.75
2025-09-21,88679.926,10215838795.27
2025-09-22,87113.659,9809407437.6
2025-09-23,88246.161,9878901810.08
2025-09-24,89149.182,10096566579.77
2025-09-25,84823.244,9241291596.33
2025-09-26,84921.811,9306474678.31
2025-09-27,84552.977,9265089596.78
2025-09-28,86092.045,9652614257.79
2025-09-29,88866.579,10154035503.57
2025-09-30,88526.435,10091013241.28
2025-10-01,91466.092,10843634484.53
2025-10-02,93675.414,11286126289.22
2025-10-03,95866.174,11712862033.0
2025-10-04,96414.139,11795614290.5
2025-10-05,99288.679,12254873996.33
2025-10-06,100137.425,12478899605.26
2025-10-07,93160.662,11299130631.66
2025-10-08,92251.696,11368910594.96
2025-10-09,96730.266,11760735714.89
2025-10-10,72613.782,8185170734.6
2025-10-11,74333.79,8219771031.17
2025-10-12,75918.435,8722603038.26
2025-10-13,76672.957,8825969758.89
2025-10-14,79284.835,8958369721.2
2025-10-15,78149.26,8651211854.46
2025-10-16,79755.553,8624248777.91
2025-10-17,79035.643,8407701052.44
2025-10-18,82232.174,8808504898.44
2025-10-19,80787.727,8772795826.34
2025-10-20,83840.809,9261885786.15
2025-10-21,82918.324,8976485255.52
2025-10-22,75968.756,8169079867.07
2025-10-23,76584.254,8426728856.24
2025-10-24,77769.86,8629763622.84
2025-10-25,79307.006,8850132895.32
2025-10-26,81741.863,9359874067.06
2025-10-27,78019.129,8899181732.17
2025-10-28,75821.636,8555778136.49
2025-10-29,78319.052,8613995970.68
2025-10-30,77900.512,8433782080.91
2025-10-31,78358.996,8584792196.57
2025-11-01,76681.148,8438899744.28
2025-11-02,76022.226,8400309017.08
2025-11-03,77417.846,8248399242.44
2025-11-04,81004.805,8216908706.23
2025-11-05,83888.484,8711448334.66
2025-11-06,82292.511,8336692202.36
2025-11-07,86828.889,8969884426.81
2025-11-08,84277.906,8619042452.09
2025-11-09,85498.204,8949148311.6
2025-11-10,86847.449,9202894150.22
2025-11-11,85642.465,8821820136.9
2025-11-12,85988.091,8736888776.53
2025-11-13,91608.828,9130386257.67
2025-11-14,93386.8,8829245667.32
2025-11-15,96867.482,9256685640.16
2025-11-16,98685.164,9299540400.68
2025-11-17,101318.671,9338177158.85
2025-11-18,99954.956,9287504651.16
2025-11-19,100821.312,9227186355.76
2025-11-20,105044.067,9097192182.32
2025-11-21,98408.861,8373797978.36
2025-11-22,98862.435,8372771128.38
2025-11-23,96647.285,8389728522.09
2025-11-24,93201.296,8224813410.72
2025-11-25,90029.092,7861700429.81
2025-11-26,88994.913,8048699931.72
2025-11-27,90207.005,8235254701.27
2025-11-28,89275.718,8110502573.72
2025-11-29,88486.551,8031472952.86
2025-11-30,90584.642,8182255546.74
2025-12-01,88384.984,7624302890.11
2025-12-02,88900.526,8111364002.71
2025-12-03,88324.724,8247814177.55
2025-12-04,89253.082,8214704928.96
2025-12-05,86708.825,7742134475.44
2025-12-06,87642.593,7815905093.92
2025-12-07,87157.665,7874440013.21
2025-12-08,87041.247,7885980498.82
2025-12-09,88590.633,8206894496.11
2025-12-10,85474.085,7861895590.86
2025-12-11,87102.954,8055272475.62
2025-12-12,87505.083,7895557387.57
2025-12-13,87754.693,7915210044.52
2025-12-14,88545.915,7801176369.9
2025-12-15,91474.23,7902458729.7
2025-12-16,88599.498,7781357231.25
2025-12-17,88166.412,7600530833.85
2025-12-18,89787.591,7674479220.67
2025-12-19,91993.869,8104669058.29
2025-12-20,91226.887,8057222518.66
2025-12-21,89864.56,7963914131.13
2025-12-22,91128.1,8070359212.86
2025-12-23,95128.237,8319493461.99
2025-12-24,92607.063,8114906891.62
2025-12-25,93185.622,8125075510.99
2025-12-26,92492.55,8077380422.79
2025-12-27,91504.247,8038382736.63
2025-12-28,93051.193,8181851823.7
2025-12-29,94901.793,8276735511.82
2025-12-30,94709.619,8377567761.53
2025-12-31,94202.585,8252928327.46
2026-01-01,93941.026,8341953714.7
2026-01-02,96737.194,8701694257.97
2026-01-03,97122.498,8798900116.56
2026-01-04,97713.13,8942188043.54
2026-01-05,96545.14,9058087088.62
2026-01-06,92969.523,8711997358.24
2026-01-07,95925.519,8760695391.78
2026-01-08,97476.175,8876209738.35
2026-01-09,95976.245,8695835426.66
2026-01-10,95965.916,8682003291.42
2026-01-11,96509.081,8780068058.5
2026-01-12,93404.238,8523532297.31
2026-01-13,95153.44,9075278370.69
2026-01-14,96369.758,9338990871.29
2026-01-15,96594.673,9231301752.46
2026-01-16,95255.878,9097298321.34
2026-01-17,95958.871,9126515783.97
2026-01-18,95771.145,8965491236.69
2026-01-19,94014.515,8704859825.94
2026-01-20,98893.899,8741300958.34
2026-01-21,99076.79,8859633939.7
2026-01-22,99638.458,8919604868.62
2026-01-23,98288.621,8802610950.41
2026-01-24,99585.461,8881140017.14
2026-01-25,102177.978,8852035857.06
2026-01-26,100909.729,8910467454.5
2026-01-27,101896.127,9089531741.65
2026-01-28,101533.93,9063507488.59
2026-01-29,106511.187,9013074911.32
2026-01-30,102164.487,8603676558.37
2026-01-31,93551.298,7362636457.76
2026-02-01,89521.216,6887010380.83
2026-02-02,88898.293,6996173691.84
2026-02-03,88991.519,6739541313.52
2026-02-04,93814.806,6862449862.61
2026-02-05,92719.687,5831224563.15
2026-02-06,85124.108,6004867388.59
2026-02-07,81369.395,5636836736.91
2026-02-08,80494.101,5660635723.44
2026-02-09,78783.924,5523580303.6
2026-02-10,79253.897,5453080233.86
2026-02-11,80997.519,5432681793.87
2026-02-12,79782.231,5285030284.58
2026-02-13,79203.463,5453426457.23
2026-02-14,77778.239,5428547746.65
2026-02-15,77130.018,5305413472.76
2026-02-16,75734.731,5215287408.18
2026-02-17,79067.561,5335154839.28
2026-02-18,80180.36,5327423387.56
2026-02-19,80783.175,5410372362.45
2026-02-20,80199.657,5452680747.03
2026-02-21,80844.246,5494674778.3
2026-02-22,78625.705,5316159105.02
2026-02-23,79623.121,5146082716.08
2026-02-24,79798.787,5109292895.01
2026-02-25,80112.54,5443964929.05
2026-02-26,79068.239,5333010397.72
2026-02-27,79180.596,5213380080.17
2026-02-28,77361.251,5179889735.57
2026-03-01,77832.776,5116796743.74
2026-03-02,82214.751,5656522855.35
2026-03-03,79135.725,5404964066.26
2026-03-04,91427.871,6643426773.97
2026-03-05,83431.399,5911950970.56
2026-03-06,83334.539,5674898107.46
2026-03-07,83750.58,5630727369.62
2026-03-08,82092.11,5412771325.09
2026-03-09,81593.011,5580886459.35
2026-03-10,80589.962,5633753832.24
2026-03-11,82660.243,5798607780.43
2026-03-12,84271.193,5940047298.45
2026-03-13,83154.167,5895264561.97
2026-03-14,83494.763,5942689659.67
2026-03-15,83090.614,6047235178.18
2026-03-16,88359.114,6613707290.64
2026-03-17,93211.424,6885751598.3
2026-03-18,85934.444,6119282055.7
2026-03-19,86874.419,6072083733.19
2026-03-20,86774.827,6115467845.5
2026-03-21,86381.612,5950086368.82
2026-03-22,86672.012,5879387266.82
2026-03-23,85432.91,6054518040.66
2026-03-24,86159.608,6076509318.68
2026-03-25,86309.142,6153626051.74
2026-03-26,87406.838,6012543398.45
2026-03-27,95177.686,6316390989.24
2026-03-28,93836.989,6225327094.93
2026-03-29,94223.417,6217661952.7
2026-03-30,89941.694,6004606427.3
2026-03-31,89212.452,6087857724.48
2026-04-01,89176.967,6071747563.65
2026-04-02,90119.344,6026348660.5
2026-04-03,90276.766,6042223948.38
2026-04-04,91402.972,6148641365.25
2026-04-05,91034.347,6280741806.01
2026-04-06,91588.306,6303299554.36
2026-04-07,87992.192,6328106335.6
2026-04-08,90980.258,6463611364.82
2026-04-09,92972.174,6671269465.24
2026-04-10,97125.236,7082119683.51
2026-04-11,98725.848,7207692418.94
2026-04-12,90771.452,6418385830.9
2026-04-13,93639.144,6964827651.55
2026-04-14,99507.758,7374211471.33
2026-04-15,98125.761,7337471529.69
2026-04-16,97937.095,7356550651.47
2026-04-17,106822.363,8230152712.15
2026-04-18,98259.906,7433735276.54
2026-04-19,95695.642,7057530464.67
2026-04-20,93250.322,7067777605.54
2026-04-21,94836.652,7234926958.77
2026-04-22,103867.514,8116627561.61
2026-04-23,99022.795,7732749475.23
2026-04-24,96206.563,7446070494.54
2026-04-25,95945.26,7442569763.46
2026-04-26,96094.832,7532209792.44
2026-04-27,97336.94,7512891473.62
2026-04-28,97700.427,7447904213.44
2026-04-29,95113.69,7167701529.47
2026-04-30,95345.236,7282144951.88
2026-05-01,103865.007,8121402240.84
2026-05-02,102089.13,8029811346.92
2026-05-03,103639.282,8144586251.32
2026-05-04,108858.165,8689613906.94
2026-05-05,113249.77,9157591576.76
2026-05-06,106377.82,8658795642.07
2026-05-07,103885.13,8301003643.73
2026-05-08,100875.136,8090488532.61
2026-05-09,100442.144,8106120321.91
2026-05-10,98593.472,7971380022.35
2026-05-11,100532.776,8202274079.39
2026-05-12,106090.392,8555428914.7
2026-05-13,104290.446,8269001740.54
2026-05-14,110633.389,9007146564.07
2026-05-15,101891.532,8057582350.56
2026-05-16,101913.951,7974756474.35
2026-05-17,102638.538,7986955357.47
2026-05-18,104527.022,8056964536.89
2026-05-19,103898.728,7976532958.3
2026-05-20,101591.306,7874378647.93
2026-05-21,100702.649,7819872873.06
2026-05-22,104881.213,7919307702.48
2026-05-23,103039.147,7900402949.25
2026-05-24,99129.24,7635290930.06
2026-05-25,99754.194,7720934713.92
2026-05-26,99187.933,7530794219.06
2026-05-27,100930.432,7511749840.75
2026-05-28,106626.057,7845428715.55
2026-05-29,104364.064,7663275800.61
2026-05-30,103776.51,7666064192.56
2026-05-31,105039.219,7735835738.81
2026-06-01,105208.856,7503274671.32
2026-06-02,107511.766,7176303308.91
2026-06-03,104001.507,6818869206.61
2026-06-04,98688.417,6301849095.46
2026-06-05,101688.111,6200796753.14
2026-06-06,101849.801,6192326912.63
2026-06-07,98577.114,6203625905.14
2026-06-08,98604.842,6240828636.47
2026-06-09,99126.765,6123407217.73
2026-06-10,100371.276,6211296320.82
2026-06-11,98329.492,6253559032.22
2026-06-12,97795.594,6214606832.36
2026-06-13,100142.273,6451335468.52
2026-06-14,101679.083,6681322376.02
2026-06-15,103300.779,6847516496.32
2026-06-16,102414.651,6723012609.32
2026-06-17,99312.692,6403522307.53
2026-06-18,98609.797,6204932727.41
2026-06-19,97664.208,6202898010.6
2026-06-20,97540.135,6269488531.23
2026-06-21,100266.126,6344840299.2
2026-06-22,99597.37,6373276294.39
2026-06-23,98871.044,6198898071.46
2026-06-24,100826.834,6155589125.22
2026-06-25,105339.465,6295950212.01
2026-06-26,103637.487,6225711119.06
2026-06-27,102912.567,6174784893.77
2026-06-28,102447.177,6103499077.25
2026-06-29,102060.266,6146720996.83
2026-06-30,108494.197,6358356662.28
2026-07-01,103471.249,6208233551.5
2026-07-02,106938.477,6581058037.67
2026-07-03,106236.154,6649185983.63
2026-07-04,106397.728,6715367081.13
2026-07-05,105426.807,6712725929.01
2026-07-06,102690.928,6574632628.81
2026-07-07,99418.277,6296278784.34
2026-07-08,100362.595,6248314221.95
2026-07-09,100106.194,6335610901.45
2026-07-10,103937.498,6665459777.99
2026-07-11,101386.256,6467203161.26
2026-07-12,100679.523,6418319591.25
2026-07-13,107308.904,6686095881.53
2026-07-14,105378.41,6851145712.63
2026-07-15,102994.606,6666039336.8
2026-07-16,101759.822,6492865497.46
2026-07-17,100175.458,6401812818.95
2026-07-18,101424.449,6572983839.01
2026-07-19,102374.608,6623104789.64
2026-07-20,101264.626,6605274763.29
2026-07-21,104322.618,6939780491.38
2026-07-22,102239.457,6756421156.07
2026-07-23,104584.915,6805304178.1
2026-07-24,106114.818,6803700116.82
2026-07-25,107509.0,6917476416.9
2026-07-26,104354.198,6821873937.92
2026-07-27,105602.91,6729450397.13
2026-07-28,103253.297,6598257390.17
2026-07-29,104348.71,6674049577.76
2026-07-30,106595.936,6902141264.73
2026-07-31,109523.589,6884630899.82
2026-08-01,108516.03,6813971110.57
2026-08-02,109126.559,6934992824.45
2026-08-03,108556.03,6893003948.12
2026-08-04,108225.652,6934623587.29
2026-08-05,107104.832,6922603001.0
2026-08-06,105767.527,6800841409.35
2026-08-07,106954.613,6939798035.2
2026-08-08,107208.906,6960955962.33
2026-08-09,107032.434,6943198658.02
2026-08-10,106280.266,6795475183.83
2026-08-11,109213.856,6940824504.83
2026-08-12,110938.024,7042867172.23
2026-08-13,109583.468,6953694869.93
2026-08-14,112009.372,7040646807.3
2026-08-15,111486.591,7031827200.12
2026-08-16,110943.209,6975665209.08
2026-08-17,106515.994,6867469410.92
2026-08-18,106372.556,6880068152.29
2026-08-19,107346.995,7435892715.26
2026-08-20,106936.164,7761616704.07
2026-08-21,106173.291,8319884665.92
2026-08-22,105789.816,8155950496.37
2026-08-23,105241.369,8157532138.75
2026-08-24,107269.165,8464813621.56
2026-08-25,106450.215,8362728890.4
2026-08-26,105822.367,8314664437.69
2026-08-27,108765.272,8722000588.1
2026-08-28,105873.273,8229263623.37
2026-08-29,107732.791,8423745434.36
2026-08-30,106427.485,8246845764.57
2026-08-31,107951.145,8475463911.82
2026-09-01,108330.496,8389050261.26
2026-09-02,107575.032,8309683536.83
2026-09-03,112964.1,9172526770.26
2026-09-04,107952.834,8593747279.82
2026-09-05,106370.297,8478992801.2
2026-09-06,106204.032,8473796918.77
2026-09-07,106954.67,8458661001.62
2026-09-08,106545.053,8360158117.4
2026-09-09,105112.117,8220818670.57
2026-09-10,106957.059,8206957955.21
2026-09-11,103115.402,7964922373.61
2026-09-12,103198.261,7970878882.25
2026-09-13,104891.667,8056527398.25
2026-09-14,104405.348,8225260734.82
2026-09-15,107446.454,8127679566.38
2026-09-16,107918.837,8169207747.57
2026-09-17,108231.56,8269971326.34
2026-09-18,108106.346,8771046223.19
2026-09-19,107782.87,8765495794.18
2026-09-20,107777.74,8745506156.79
2026-09-21,109010.305,9431746005.09
2026-09-22,106794.04,9195992066.78
2026-09-23,98340.552,8316542196.06
2026-09-24,95949.275,8088522776.3
2026-09-25,95300.421,8012563966.37
2026-09-26,94389.716,7964967811.59
2026-09-27,94212.39,7947691376.86
2026-09-28,92737.3,7741898320.72
2026-09-29,92597.607,7737443385.91
2026-09-30,95441.088,7981518674.94
2026-10-01,96963.393,8212438409.98
2026-10-02,98175.27,8298333419.44
2026-10-03,97323.075,8245781179.26
2026-10-04,96836.093,8382141893.69
2026-10-05,94653.975,8117165210.9
2026-10-06,95372.106,8153380416.36
2026-10-07,95836.39,7985270885.22
2026-10-08,92901.506,7596415245.68
